source,line_or_turn,field,entity_type,detected_text,confidence,start,end
transcript_01_clean.md,4,transcript_line,DATE_TIME,2026-07-14,0.95,10,20
transcript_01_clean.md,15,transcript_line,NRP,"kb_search(query=""return",0.85,5,28
transcript_01_clean.md,18,transcript_line,DATE_TIME,30-day,0.85,81,87
transcript_01_clean.md,22,transcript_line,DATE_TIME,ORD-2026-3902,0.85,30,43
transcript_01_clean.md,27,transcript_line,EMAIL_ADDRESS,daniel.okonkwo@example.net,1.0,53,79
transcript_01_clean.md,27,transcript_line,PERSON,Daniel Okonkwo,0.85,37,51
transcript_01_clean.md,27,transcript_line,PERSON,4419 SE,0.85,98,105
transcript_01_clean.md,27,transcript_line,LOCATION,Hawthorne Blvd,0.85,106,120
transcript_01_clean.md,27,transcript_line,LOCATION,Portland,0.85,122,130
transcript_01_clean.md,27,transcript_line,DATE_TIME,2024-01-22,0.85,176,186
transcript_01_clean.md,27,transcript_line,URL,example.net,0.5,68,79
transcript_01_clean.md,27,transcript_line,PHONE_NUMBER,+1-503-555-0178,0.4,81,96
transcript_01_clean.md,29,transcript_line,DATE_TIME,ORD-2026-3902,0.85,48,61
transcript_01_clean.md,29,transcript_line,LOCATION,the Halden Arc Floor Lamp,0.85,64,89
transcript_01_clean.md,29,transcript_line,DATE_TIME,July 2nd,0.85,113,121
transcript_01_clean.md,31,transcript_line,DATE_TIME,30-day,0.85,56,62
transcript_01_clean.md,31,transcript_line,DATE_TIME,August 1st,0.85,83,93
transcript_01_clean.md,35,transcript_line,DATE_TIME,15 minutes,0.85,110,120
transcript_01_clean.md,37,transcript_line,DATE_TIME,3–5 business days,0.85,97,114
transcript_01_clean.md,43,transcript_line,PERSON,Daniel,0.85,33,39
transcript_02_refund.md,4,transcript_line,DATE_TIME,2026-07-19,0.95,10,20
transcript_02_refund.md,4,transcript_line,DATE_TIME,2026-07-19 16:47,0.85,10,26
transcript_02_refund.md,7,transcript_line,DATE_TIME,09s,0.85,17,20
transcript_02_refund.md,16,transcript_line,EMAIL_ADDRESS,marcus.webb@example.com,1.0,14,37
transcript_02_refund.md,16,transcript_line,URL,example.com,0.5,26,37
transcript_02_refund.md,20,transcript_line,EMAIL_ADDRESS,marcus.webb@example.com,1.0,23,46
transcript_02_refund.md,20,transcript_line,URL,example.com,0.5,35,46
transcript_02_refund.md,21,transcript_line,EMAIL_ADDRESS,marcus.webb@example.com,1.0,50,73
transcript_02_refund.md,21,transcript_line,PERSON,Marcus Webb,0.85,37,48
transcript_02_refund.md,21,transcript_line,DATE_TIME,1877,0.85,92,96
transcript_02_refund.md,21,transcript_line,LOCATION,Chicago,0.85,118,125
transcript_02_refund.md,21,transcript_line,DATE_TIME,8802,0.85,149,153
transcript_02_refund.md,21,transcript_line,DATE_TIME,2023-04-11,0.85,171,181
transcript_02_refund.md,21,transcript_line,URL,example.com,0.5,62,73
transcript_02_refund.md,21,transcript_line,PHONE_NUMBER,+1-312-555-0143,0.4,75,90
transcript_02_refund.md,23,transcript_line,PERSON,Marcus,0.85,24,30
transcript_02_refund.md,23,transcript_line,DATE_TIME,July 16th,0.85,101,110
transcript_02_refund.md,23,transcript_line,LOCATION,"the Terracotta Ridge Planter, Large",0.85,127,162
transcript_02_refund.md,32,transcript_line,DATE_TIME,30-day,0.85,18,24
transcript_02_refund.md,35,transcript_line,DATE_TIME,RF-2026-08841,0.85,20,33
transcript_02_refund.md,35,transcript_line,DATE_TIME,2026-07-19T16:49:12Z,0.85,94,114
transcript_02_refund.md,37,transcript_line,DATE_TIME,3–5 business days,0.85,97,114
transcript_02_refund.md,43,transcript_line,DATE_TIME,the next 30 days,0.85,143,159
transcript_02_refund.md,47,transcript_line,PERSON,Marcus,0.85,34,40
transcript_03_escalation.md,4,transcript_line,DATE_TIME,2026-07-23,0.95,10,20
transcript_03_escalation.md,4,transcript_line,DATE_TIME,2026-07-23 21:33,0.85,10,26
transcript_03_escalation.md,7,transcript_line,DATE_TIME,19447,0.85,73,78
transcript_03_escalation.md,11,transcript_line,DATE_TIME,three weeks,0.85,32,43
transcript_03_escalation.md,13,transcript_line,DATE_TIME,three weeks,0.85,77,88
transcript_03_escalation.md,15,transcript_line,EMAIL_ADDRESS,priya.raghunathan@example.org,1.0,14,43
transcript_03_escalation.md,15,transcript_line,URL,example.org,0.5,32,43
transcript_03_escalation.md,20,transcript_line,EMAIL_ADDRESS,priya.raghunathan@example.org,1.0,56,85
transcript_03_escalation.md,20,transcript_line,PERSON,Priya Raghunathan,0.85,37,54
transcript_03_escalation.md,20,transcript_line,LOCATION,Newton,0.85,124,130
transcript_03_escalation.md,20,transcript_line,DATE_TIME,2021-09-30,0.85,176,186
transcript_03_escalation.md,20,transcript_line,URL,example.org,0.5,74,85
transcript_03_escalation.md,20,transcript_line,PHONE_NUMBER,+1-617-555-0192,0.4,87,102
transcript_03_escalation.md,22,transcript_line,PERSON,Priya,0.85,31,36
transcript_03_escalation.md,22,transcript_line,DATE_TIME,ORD-2026-3155,0.85,44,57
transcript_03_escalation.md,22,transcript_line,DATE_TIME,June 28th,0.85,109,118
transcript_03_escalation.md,22,transcript_line,DATE_TIME,July 2nd,0.85,156,164
transcript_03_escalation.md,22,transcript_line,DATE_TIME,July 8th,0.85,216,224
transcript_03_escalation.md,35,transcript_line,DATE_TIME,2026-07-02,0.85,148,158
transcript_03_escalation.md,35,transcript_line,DATE_TIME,2026-07-08,0.85,182,192
transcript_03_escalation.md,35,transcript_line,DATE_TIME,2026-07-23,0.85,220,230
transcript_03_escalation.md,35,transcript_line,DATE_TIME,15 days,0.85,233,240
transcript_03_escalation.md,35,transcript_line,DATE_TIME,2021,0.85,410,414
transcript_03_escalation.md,35,transcript_line,PHONE_NUMBER,2026-07-23 — 15,0.4,220,235
transcript_03_escalation.md,36,transcript_line,DATE_TIME,4 business hours,0.85,97,113
transcript_03_escalation.md,38,transcript_line,DATE_TIME,4 business hours,0.85,119,135
transcript_03_escalation.md,38,transcript_line,DATE_TIME,three weeks,0.85,187,198
transcript_03_escalation.md,46,transcript_line,PERSON,Arun Raghunathan,0.85,109,125
transcript_03_escalation.md,48,transcript_line,PERSON,Arun,0.85,93,97
logs_sample.jsonl,1,full_log_record,IP_ADDRESS,78.44.105.186,0.95,196,209
logs_sample.jsonl,1,full_log_record,DATE_TIME,1721000000,0.85,7,17
logs_sample.jsonl,1,full_log_record,PHONE_NUMBER,1721000000,0.4,7,17
logs_sample.jsonl,1,full_log_record,PHONE_NUMBER,1721000000,0.4,90,100
logs_sample.jsonl,1,full_log_record,PHONE_NUMBER,78.44.105.186,0.4,196,209
logs_sample.jsonl,1,full_log_record,US_BANK_NUMBER,1721000000,0.05,7,17
logs_sample.jsonl,2,full_log_record,EMAIL_ADDRESS,marcus.webb@example.com,1.0,176,199
logs_sample.jsonl,2,full_log_record,EMAIL_ADDRESS,marcus.webb@example.com,1.0,279,302
logs_sample.jsonl,2,full_log_record,PERSON,Marcus Webb,0.85,255,266
logs_sample.jsonl,2,full_log_record,DATE_TIME,1877,0.85,354,358
logs_sample.jsonl,2,full_log_record,LOCATION,Chicago,0.85,380,387
logs_sample.jsonl,2,full_log_record,DATE_TIME,8802,0.85,425,429
logs_sample.jsonl,2,full_log_record,PHONE_NUMBER,+1-312-555-0143,0.75,315,330
logs_sample.jsonl,2,full_log_record,URL,example.com,0.5,188,199
logs_sample.jsonl,2,full_log_record,URL,example.com,0.5,291,302
logs_sample.jsonl,2,full_log_record,PHONE_NUMBER,1721000137,0.4,7,17
logs_sample.jsonl,2,full_log_record,PHONE_NUMBER,1721000137,0.4,88,98
logs_sample.jsonl,2,full_log_record,US_BANK_NUMBER,1721000137,0.05,7,17
logs_sample.jsonl,3,full_log_record,EMAIL_ADDRESS,priya.raghunathan@example.org,1.0,856,885
logs_sample.jsonl,3,full_log_record,DATE_TIME,2021-09-01,0.95,1171,1181
logs_sample.jsonl,3,full_log_record,DATE_TIME,2021-09-10,0.95,1203,1213
logs_sample.jsonl,3,full_log_record,LOCATION,kb_search      ,0.85,603,618
logs_sample.jsonl,3,full_log_record,LOCATION,Newton,0.85,957,963
logs_sample.jsonl,3,full_log_record,DATE_TIME,2021-09-30,0.85,1028,1038
logs_sample.jsonl,3,full_log_record,PHONE_NUMBER,+1-617-555-0192,0.75,898,913
logs_sample.jsonl,3,full_log_record,URL,example.org,0.5,874,885
logs_sample.jsonl,3,full_log_record,PHONE_NUMBER,1721000274,0.4,7,17
logs_sample.jsonl,3,full_log_record,PHONE_NUMBER,1721000274,0.4,88,98
logs_sample.jsonl,3,full_log_record,US_BANK_NUMBER,1721000274,0.05,7,17
logs_sample.jsonl,4,full_log_record,DATE_TIME,4 business hours,0.85,217,233
logs_sample.jsonl,4,full_log_record,PHONE_NUMBER,1721000411,0.4,7,17
logs_sample.jsonl,4,full_log_record,PHONE_NUMBER,1721000411,0.4,90,100
logs_sample.jsonl,4,full_log_record,US_BANK_NUMBER,1721000411,0.05,7,17
logs_sample.jsonl,5,full_log_record,DATE_TIME,1721000548,0.85,7,17
logs_sample.jsonl,5,full_log_record,PERSON,Kessler,0.85,182,189
logs_sample.jsonl,5,full_log_record,PHONE_NUMBER,1721000548,0.4,7,17
logs_sample.jsonl,5,full_log_record,PHONE_NUMBER,1721000548,0.4,88,98
logs_sample.jsonl,5,full_log_record,US_BANK_NUMBER,1721000548,0.05,7,17
logs_sample.jsonl,6,full_log_record,IP_ADDRESS,159.243.184.172,0.95,226,241
logs_sample.jsonl,6,full_log_record,PERSON,sess_1721000685_73a734,0.85,85,107
logs_sample.jsonl,6,full_log_record,DATE_TIME,ORD-2026-5010,0.85,196,209
logs_sample.jsonl,6,full_log_record,PHONE_NUMBER,1721000685,0.4,7,17
logs_sample.jsonl,6,full_log_record,PHONE_NUMBER,1721000685,0.4,90,100
logs_sample.jsonl,6,full_log_record,US_BANK_NUMBER,1721000685,0.05,7,17
logs_sample.jsonl,7,full_log_record,EMAIL_ADDRESS,priya.raghunathan@example.org,1.0,176,205
logs_sample.jsonl,7,full_log_record,EMAIL_ADDRESS,priya.raghunathan@example.org,1.0,291,320
logs_sample.jsonl,7,full_log_record,LOCATION,Newton,0.85,392,398
logs_sample.jsonl,7,full_log_record,PHONE_NUMBER,+1-617-555-0192,0.75,333,348
logs_sample.jsonl,7,full_log_record,URL,example.org,0.5,194,205
logs_sample.jsonl,7,full_log_record,URL,example.org,0.5,309,320
logs_sample.jsonl,7,full_log_record,PHONE_NUMBER,1721000822,0.4,7,17
logs_sample.jsonl,7,full_log_record,PHONE_NUMBER,1721000822,0.4,88,98
logs_sample.jsonl,7,full_log_record,US_BANK_NUMBER,1721000822,0.05,7,17
logs_sample.jsonl,8,full_log_record,EMAIL_ADDRESS,daniel.okonkwo@example.net,1.0,868,894
logs_sample.jsonl,8,full_log_record,DATE_TIME,2026-06-25,0.95,1184,1194
logs_sample.jsonl,8,full_log_record,DATE_TIME,2026-06-28,0.95,1216,1226
logs_sample.jsonl,8,full_log_record,LOCATION,kb_search      ,0.85,604,619
logs_sample.jsonl,8,full_log_record,PERSON,Kessler,0.85,718,725
logs_sample.jsonl,8,full_log_record,PERSON,Daniel Okonkwo,0.85,841,855
logs_sample.jsonl,8,full_log_record,DATE_TIME,4419,0.85,946,950
logs_sample.jsonl,8,full_log_record,LOCATION,Hawthorne Blvd,0.85,954,968
logs_sample.jsonl,8,full_log_record,LOCATION,Portland,0.85,970,978
logs_sample.jsonl,8,full_log_record,DATE_TIME,2024-01-22,0.85,1043,1053
logs_sample.jsonl,8,full_log_record,PHONE_NUMBER,+1-503-555-0178,0.75,907,922
logs_sample.jsonl,8,full_log_record,URL,example.net,0.5,883,894
logs_sample.jsonl,8,full_log_record,PHONE_NUMBER,1721000959,0.4,7,17
logs_sample.jsonl,8,full_log_record,PHONE_NUMBER,1721000959,0.4,89,99
logs_sample.jsonl,8,full_log_record,US_BANK_NUMBER,1721000959,0.05,7,17
logs_sample.jsonl,9,full_log_record,DATE_TIME,1721001096,0.85,7,17
logs_sample.jsonl,9,full_log_record,PHONE_NUMBER,1721001096,0.4,7,17
logs_sample.jsonl,9,full_log_record,PHONE_NUMBER,1721001096,0.4,90,100
logs_sample.jsonl,9,full_log_record,US_BANK_NUMBER,1721001096,0.05,7,17
logs_sample.jsonl,10,full_log_record,DATE_TIME,1721001233,0.85,7,17
logs_sample.jsonl,10,full_log_record,PHONE_NUMBER,1721001233,0.4,7,17
logs_sample.jsonl,10,full_log_record,PHONE_NUMBER,1721001233,0.4,88,98
logs_sample.jsonl,10,full_log_record,US_BANK_NUMBER,1721001233,0.05,7,17
logs_sample.jsonl,11,full_log_record,IP_ADDRESS,112.232.145.134,0.95,252,267
logs_sample.jsonl,11,full_log_record,DATE_TIME,three weeks,0.85,178,189
logs_sample.jsonl,11,full_log_record,PHONE_NUMBER,1721001370,0.4,7,17
logs_sample.jsonl,11,full_log_record,PHONE_NUMBER,1721001370,0.4,90,100
logs_sample.jsonl,11,full_log_record,PHONE_NUMBER,112.232.145.134,0.4,252,267
logs_sample.jsonl,11,full_log_record,US_BANK_NUMBER,1721001370,0.05,7,17
logs_sample.jsonl,12,full_log_record,EMAIL_ADDRESS,tomas.delgado@example.org,1.0,176,201
logs_sample.jsonl,12,full_log_record,EMAIL_ADDRESS,tomas.delgado@example.org,1.0,288,313
logs_sample.jsonl,12,full_log_record,PERSON,Delgado,0.85,268,275
logs_sample.jsonl,12,full_log_record,LOCATION,Miami,0.85,390,395
logs_sample.jsonl,12,full_log_record,LOCATION,FL,0.85,397,399
logs_sample.jsonl,12,full_log_record,PHONE_NUMBER,+1-786-555-0121,0.75,326,341
logs_sample.jsonl,12,full_log_record,URL,tomas.de,0.5,176,184
logs_sample.jsonl,12,full_log_record,URL,example.org,0.5,190,201
logs_sample.jsonl,12,full_log_record,URL,tomas.de,0.5,288,296
logs_sample.jsonl,12,full_log_record,URL,example.org,0.5,302,313
logs_sample.jsonl,12,full_log_record,PHONE_NUMBER,1721001507,0.4,7,17
logs_sample.jsonl,12,full_log_record,PHONE_NUMBER,1721001507,0.4,88,98
logs_sample.jsonl,12,full_log_record,US_BANK_NUMBER,1721001507,0.05,7,17
logs_sample.jsonl,13,full_log_record,EMAIL_ADDRESS,tomas.delgado@example.org,1.0,874,899
logs_sample.jsonl,13,full_log_record,DATE_TIME,2026-05-14,0.95,1188,1198
logs_sample.jsonl,13,full_log_record,DATE_TIME,2026-05-20,0.95,1220,1230
logs_sample.jsonl,13,full_log_record,LOCATION,kb_search      ,0.85,603,618
logs_sample.jsonl,13,full_log_record,PERSON,Delgado,0.85,854,861
logs_sample.jsonl,13,full_log_record,LOCATION,Miami,0.85,976,981
logs_sample.jsonl,13,full_log_record,LOCATION,FL,0.85,983,985
logs_sample.jsonl,13,full_log_record,DATE_TIME,2022-11-03,0.85,1046,1056
logs_sample.jsonl,13,full_log_record,PHONE_NUMBER,+1-786-555-0121,0.75,912,927
logs_sample.jsonl,13,full_log_record,URL,tomas.de,0.5,874,882
logs_sample.jsonl,13,full_log_record,URL,example.org,0.5,888,899
logs_sample.jsonl,13,full_log_record,PHONE_NUMBER,1721001644,0.4,7,17
logs_sample.jsonl,13,full_log_record,PHONE_NUMBER,1721001644,0.4,88,98
logs_sample.jsonl,13,full_log_record,US_BANK_NUMBER,1721001644,0.05,7,17
logs_sample.jsonl,14,full_log_record,DATE_TIME,30-day,0.85,173,179
logs_sample.jsonl,14,full_log_record,PHONE_NUMBER,1721001781,0.4,7,17
logs_sample.jsonl,14,full_log_record,PHONE_NUMBER,1721001781,0.4,90,100
logs_sample.jsonl,14,full_log_record,US_BANK_NUMBER,1721001781,0.05,7,17
logs_sample.jsonl,15,full_log_record,DATE_TIME,two weeks,0.85,204,213
logs_sample.jsonl,15,full_log_record,PHONE_NUMBER,1721001918,0.4,7,17
logs_sample.jsonl,15,full_log_record,PHONE_NUMBER,1721001918,0.4,88,98
logs_sample.jsonl,15,full_log_record,US_BANK_NUMBER,1721001918,0.05,7,17
logs_sample.jsonl,16,full_log_record,IP_ADDRESS,107.118.178.98,0.95,226,240
logs_sample.jsonl,16,full_log_record,DATE_TIME,ORD-2026-5010,0.85,196,209
logs_sample.jsonl,16,full_log_record,DATE_TIME,107.118.178.98,0.85,226,240
logs_sample.jsonl,16,full_log_record,PHONE_NUMBER,1721002055,0.4,7,17
logs_sample.jsonl,16,full_log_record,PHONE_NUMBER,1721002055,0.4,90,100
logs_sample.jsonl,16,full_log_record,US_BANK_NUMBER,1721002055,0.05,7,17
logs_sample.jsonl,17,full_log_record,EMAIL_ADDRESS,daniel.okonkwo@example.net,1.0,176,202
logs_sample.jsonl,17,full_log_record,EMAIL_ADDRESS,daniel.okonkwo@example.net,1.0,285,311
logs_sample.jsonl,17,full_log_record,PERSON,Daniel Okonkwo,0.85,258,272
logs_sample.jsonl,17,full_log_record,DATE_TIME,4419,0.85,363,367
logs_sample.jsonl,17,full_log_record,LOCATION,Hawthorne Blvd,0.85,371,385
logs_sample.jsonl,17,full_log_record,LOCATION,Portland,0.85,387,395
logs_sample.jsonl,17,full_log_record,PHONE_NUMBER,+1-503-555-0178,0.75,324,339
logs_sample.jsonl,17,full_log_record,URL,example.net,0.5,191,202
logs_sample.jsonl,17,full_log_record,URL,example.net,0.5,300,311
logs_sample.jsonl,17,full_log_record,PHONE_NUMBER,1721002192,0.4,7,17
logs_sample.jsonl,17,full_log_record,PHONE_NUMBER,1721002192,0.4,88,98
logs_sample.jsonl,17,full_log_record,US_BANK_NUMBER,1721002192,0.05,7,17
logs_sample.jsonl,18,full_log_record,EMAIL_ADDRESS,tomas.delgado@example.org,1.0,876,901
logs_sample.jsonl,18,full_log_record,DATE_TIME,2025-05-01,0.95,1190,1200
logs_sample.jsonl,18,full_log_record,DATE_TIME,2025-05-08,0.95,1222,1232
logs_sample.jsonl,18,full_log_record,PERSON,sess_1721002329_44339b,0.85,83,105
logs_sample.jsonl,18,full_log_record,LOCATION,kb_search      ,0.85,603,618
logs_sample.jsonl,18,full_log_record,DATE_TIME,two weeks,0.85,739,748
logs_sample.jsonl,18,full_log_record,PERSON,Delgado,0.85,856,863
logs_sample.jsonl,18,full_log_record,LOCATION,Miami,0.85,978,983
logs_sample.jsonl,18,full_log_record,LOCATION,FL,0.85,985,987
logs_sample.jsonl,18,full_log_record,DATE_TIME,2022-11-03,0.85,1048,1058
logs_sample.jsonl,18,full_log_record,DATE_TIME,1724,0.85,1381,1385
logs_sample.jsonl,18,full_log_record,PHONE_NUMBER,+1-786-555-0121,0.75,914,929
logs_sample.jsonl,18,full_log_record,URL,tomas.de,0.5,876,884
logs_sample.jsonl,18,full_log_record,URL,example.org,0.5,890,901
logs_sample.jsonl,18,full_log_record,PHONE_NUMBER,1721002329,0.4,7,17
logs_sample.jsonl,18,full_log_record,PHONE_NUMBER,1721002329,0.4,88,98
logs_sample.jsonl,18,full_log_record,US_BANK_NUMBER,1721002329,0.05,7,17
logs_sample.jsonl,19,full_log_record,DATE_TIME,4 business hours,0.85,217,233
logs_sample.jsonl,19,full_log_record,PHONE_NUMBER,1721002466,0.4,7,17
logs_sample.jsonl,19,full_log_record,PHONE_NUMBER,1721002466,0.4,90,100
logs_sample.jsonl,19,full_log_record,US_BANK_NUMBER,1721002466,0.05,7,17
logs_sample.jsonl,20,full_log_record,PERSON,Kessler,0.85,182,189
logs_sample.jsonl,20,full_log_record,PHONE_NUMBER,1721002603,0.4,7,17
logs_sample.jsonl,20,full_log_record,PHONE_NUMBER,1721002603,0.4,88,98
logs_sample.jsonl,20,full_log_record,US_BANK_NUMBER,1721002603,0.05,7,17
logs_sample.jsonl,21,full_log_record,IP_ADDRESS,149.178.74.224,0.95,215,229
logs_sample.jsonl,21,full_log_record,DATE_TIME,two weeks,0.85,189,198
logs_sample.jsonl,21,full_log_record,PHONE_NUMBER,1721002740,0.4,7,17
logs_sample.jsonl,21,full_log_record,PHONE_NUMBER,1721002740,0.4,90,100
logs_sample.jsonl,21,full_log_record,PHONE_NUMBER,149.178.74.224,0.4,215,229
logs_sample.jsonl,21,full_log_record,US_BANK_NUMBER,1721002740,0.05,7,17
logs_sample.jsonl,22,full_log_record,EMAIL_ADDRESS,daniel.okonkwo@example.net,1.0,176,202
logs_sample.jsonl,22,full_log_record,EMAIL_ADDRESS,daniel.okonkwo@example.net,1.0,285,311
logs_sample.jsonl,22,full_log_record,PERSON,Daniel Okonkwo,0.85,258,272
logs_sample.jsonl,22,full_log_record,DATE_TIME,4419,0.85,363,367
logs_sample.jsonl,22,full_log_record,LOCATION,Hawthorne Blvd,0.85,371,385
logs_sample.jsonl,22,full_log_record,LOCATION,Portland,0.85,387,395
logs_sample.jsonl,22,full_log_record,PHONE_NUMBER,+1-503-555-0178,0.75,324,339
logs_sample.jsonl,22,full_log_record,URL,example.net,0.5,191,202
logs_sample.jsonl,22,full_log_record,URL,example.net,0.5,300,311
logs_sample.jsonl,22,full_log_record,PHONE_NUMBER,1721002877,0.4,7,17
logs_sample.jsonl,22,full_log_record,PHONE_NUMBER,1721002877,0.4,88,98
logs_sample.jsonl,22,full_log_record,US_BANK_NUMBER,1721002877,0.05,7,17
logs_sample.jsonl,23,full_log_record,EMAIL_ADDRESS,sofia.bergqvist@example.com,1.0,873,900
logs_sample.jsonl,23,full_log_record,DATE_TIME,2026-07-25,0.95,1188,1198
logs_sample.jsonl,23,full_log_record,DATE_TIME,2026-07-30,0.95,1220,1230
logs_sample.jsonl,23,full_log_record,LOCATION,kb_search      ,0.85,603,618
logs_sample.jsonl,23,full_log_record,DATE_TIME,two weeks,0.85,739,748
logs_sample.jsonl,23,full_log_record,PERSON,Sofia Bergqvist,0.85,845,860
logs_sample.jsonl,23,full_log_record,LOCATION,Seattle,0.85,974,981
logs_sample.jsonl,23,full_log_record,LOCATION,WA,0.85,983,985
logs_sample.jsonl,23,full_log_record,DATE_TIME,2025-06-08,0.85,1046,1056
logs_sample.jsonl,23,full_log_record,PHONE_NUMBER,+1-206-555-0165,0.75,913,928
logs_sample.jsonl,23,full_log_record,URL,sofia.be,0.5,873,881
logs_sample.jsonl,23,full_log_record,URL,example.com,0.5,889,900
logs_sample.jsonl,23,full_log_record,PHONE_NUMBER,1721003014,0.4,7,17
logs_sample.jsonl,23,full_log_record,PHONE_NUMBER,1721003014,0.4,88,98
logs_sample.jsonl,23,full_log_record,US_BANK_NUMBER,1721003014,0.05,7,17
logs_sample.jsonl,24,full_log_record,DATE_TIME,1721003151,0.85,7,17
logs_sample.jsonl,24,full_log_record,DATE_TIME,30-day,0.85,173,179
logs_sample.jsonl,24,full_log_record,PHONE_NUMBER,1721003151,0.4,7,17
logs_sample.jsonl,24,full_log_record,PHONE_NUMBER,1721003151,0.4,90,100
logs_sample.jsonl,24,full_log_record,US_BANK_NUMBER,1721003151,0.05,7,17
logs_sample.jsonl,25,full_log_record,PHONE_NUMBER,1721003288,0.4,7,17
logs_sample.jsonl,25,full_log_record,PHONE_NUMBER,1721003288,0.4,88,98
logs_sample.jsonl,25,full_log_record,US_BANK_NUMBER,1721003288,0.05,7,17
logs_sample.jsonl,26,full_log_record,IP_ADDRESS,134.138.164.212,0.95,218,233
logs_sample.jsonl,26,full_log_record,PHONE_NUMBER,1721003425,0.4,7,17
logs_sample.jsonl,26,full_log_record,PHONE_NUMBER,1721003425,0.4,90,100
logs_sample.jsonl,26,full_log_record,US_BANK_NUMBER,1721003425,0.05,7,17
logs_sample.jsonl,27,full_log_record,EMAIL_ADDRESS,daniel.okonkwo@example.net,1.0,176,202
logs_sample.jsonl,27,full_log_record,EMAIL_ADDRESS,daniel.okonkwo@example.net,1.0,285,311
logs_sample.jsonl,27,full_log_record,DATE_TIME,1721003562,0.85,7,17
logs_sample.jsonl,27,full_log_record,PERSON,Daniel Okonkwo,0.85,258,272
logs_sample.jsonl,27,full_log_record,DATE_TIME,4419,0.85,363,367
logs_sample.jsonl,27,full_log_record,LOCATION,Hawthorne Blvd,0.85,371,385
logs_sample.jsonl,27,full_log_record,LOCATION,Portland,0.85,387,395
logs_sample.jsonl,27,full_log_record,PHONE_NUMBER,+1-503-555-0178,0.75,324,339
logs_sample.jsonl,27,full_log_record,URL,example.net,0.5,191,202
logs_sample.jsonl,27,full_log_record,URL,example.net,0.5,300,311
logs_sample.jsonl,27,full_log_record,PHONE_NUMBER,1721003562,0.4,7,17
logs_sample.jsonl,27,full_log_record,PHONE_NUMBER,1721003562,0.4,88,98
logs_sample.jsonl,27,full_log_record,US_BANK_NUMBER,1721003562,0.05,7,17
logs_sample.jsonl,28,full_log_record,EMAIL_ADDRESS,priya.raghunathan@example.org,1.0,880,909
logs_sample.jsonl,28,full_log_record,DATE_TIME,2025-04-04,0.95,1195,1205
logs_sample.jsonl,28,full_log_record,DATE_TIME,2025-04-09,0.95,1227,1237
logs_sample.jsonl,28,full_log_record,LOCATION,sess_1721003699_ba4f83,0.85,83,105
logs_sample.jsonl,28,full_log_record,LOCATION,kb_search      ,0.85,603,618
logs_sample.jsonl,28,full_log_record,LOCATION,Newton,0.85,981,987
logs_sample.jsonl,28,full_log_record,DATE_TIME,2021-09-30,0.85,1052,1062
logs_sample.jsonl,28,full_log_record,PHONE_NUMBER,+1-617-555-0192,0.75,922,937
logs_sample.jsonl,28,full_log_record,URL,example.org,0.5,898,909
logs_sample.jsonl,28,full_log_record,PHONE_NUMBER,1721003699,0.4,7,17
logs_sample.jsonl,28,full_log_record,PHONE_NUMBER,1721003699,0.4,88,98
logs_sample.jsonl,28,full_log_record,US_BANK_NUMBER,1721003699,0.05,7,17
logs_sample.jsonl,29,full_log_record,PHONE_NUMBER,1721003836,0.4,7,17
logs_sample.jsonl,29,full_log_record,PHONE_NUMBER,1721003836,0.4,90,100
logs_sample.jsonl,29,full_log_record,US_BANK_NUMBER,1721003836,0.05,7,17
logs_sample.jsonl,30,full_log_record,PHONE_NUMBER,1721003973,0.4,7,17
logs_sample.jsonl,30,full_log_record,PHONE_NUMBER,1721003973,0.4,88,98
logs_sample.jsonl,30,full_log_record,US_BANK_NUMBER,1721003973,0.05,7,17
logs_sample.jsonl,31,full_log_record,IP_ADDRESS,53.91.228.72,0.95,220,232
logs_sample.jsonl,31,full_log_record,DATE_TIME,1721004110,0.85,7,17
logs_sample.jsonl,31,full_log_record,PHONE_NUMBER,1721004110,0.4,7,17
logs_sample.jsonl,31,full_log_record,PHONE_NUMBER,1721004110,0.4,90,100
logs_sample.jsonl,31,full_log_record,US_BANK_NUMBER,1721004110,0.05,7,17
logs_sample.jsonl,32,full_log_record,EMAIL_ADDRESS,marcus.webb@example.com,1.0,176,199
logs_sample.jsonl,32,full_log_record,EMAIL_ADDRESS,marcus.webb@example.com,1.0,279,302
logs_sample.jsonl,32,full_log_record,PERSON,Marcus Webb,0.85,255,266
logs_sample.jsonl,32,full_log_record,DATE_TIME,1877,0.85,354,358
logs_sample.jsonl,32,full_log_record,LOCATION,Chicago,0.85,380,387
logs_sample.jsonl,32,full_log_record,DATE_TIME,8802,0.85,425,429
logs_sample.jsonl,32,full_log_record,PHONE_NUMBER,+1-312-555-0143,0.75,315,330
logs_sample.jsonl,32,full_log_record,URL,example.com,0.5,188,199
logs_sample.jsonl,32,full_log_record,URL,example.com,0.5,291,302
logs_sample.jsonl,32,full_log_record,PHONE_NUMBER,1721004247,0.4,7,17
logs_sample.jsonl,32,full_log_record,PHONE_NUMBER,1721004247,0.4,88,98
logs_sample.jsonl,32,full_log_record,US_BANK_NUMBER,1721004247,0.05,7,17
logs_sample.jsonl,33,full_log_record,EMAIL_ADDRESS,sofia.bergqvist@example.com,1.0,876,903
logs_sample.jsonl,33,full_log_record,DATE_TIME,2025-06-07,0.95,1191,1201
logs_sample.jsonl,33,full_log_record,DATE_TIME,2025-06-13,0.95,1223,1233
logs_sample.jsonl,33,full_log_record,LOCATION,kb_search      ,0.85,603,618
logs_sample.jsonl,33,full_log_record,PERSON,Sofia Bergqvist,0.85,848,863
logs_sample.jsonl,33,full_log_record,LOCATION,Seattle,0.85,977,984
logs_sample.jsonl,33,full_log_record,LOCATION,WA,0.85,986,988
logs_sample.jsonl,33,full_log_record,DATE_TIME,2025-06-08,0.85,1049,1059
logs_sample.jsonl,33,full_log_record,PHONE_NUMBER,+1-206-555-0165,0.75,916,931
logs_sample.jsonl,33,full_log_record,URL,sofia.be,0.5,876,884
logs_sample.jsonl,33,full_log_record,URL,example.com,0.5,892,903
logs_sample.jsonl,33,full_log_record,PHONE_NUMBER,1721004384,0.4,7,17
logs_sample.jsonl,33,full_log_record,PHONE_NUMBER,1721004384,0.4,88,98
logs_sample.jsonl,33,full_log_record,US_BANK_NUMBER,1721004384,0.05,7,17
logs_sample.jsonl,34,full_log_record,DATE_TIME,30-day,0.85,173,179
logs_sample.jsonl,34,full_log_record,PHONE_NUMBER,1721004521,0.4,7,17
logs_sample.jsonl,34,full_log_record,PHONE_NUMBER,1721004521,0.4,90,100
logs_sample.jsonl,34,full_log_record,US_BANK_NUMBER,1721004521,0.05,7,17
logs_sample.jsonl,35,full_log_record,EMAIL_ADDRESS,priya.raghunathan@example.org,1.0,289,318
logs_sample.jsonl,35,full_log_record,DATE_TIME,1721004658,0.85,7,17
logs_sample.jsonl,35,full_log_record,DATE_TIME,RF-2026-88034,0.85,394,407
logs_sample.jsonl,35,full_log_record,URL,example.org,0.5,307,318
logs_sample.jsonl,35,full_log_record,PHONE_NUMBER,1721004658,0.4,7,17
logs_sample.jsonl,35,full_log_record,PHONE_NUMBER,1721004658,0.4,88,98
logs_sample.jsonl,35,full_log_record,US_BANK_NUMBER,1721004658,0.05,7,17
logs_sample.jsonl,36,full_log_record,IP_ADDRESS,73.15.76.2,0.95,215,225
logs_sample.jsonl,36,full_log_record,DATE_TIME,two weeks,0.85,189,198
logs_sample.jsonl,36,full_log_record,PHONE_NUMBER,1721004795,0.4,7,17
logs_sample.jsonl,36,full_log_record,PHONE_NUMBER,1721004795,0.4,90,100
logs_sample.jsonl,36,full_log_record,US_BANK_NUMBER,1721004795,0.05,7,17
logs_sample.jsonl,37,full_log_record,EMAIL_ADDRESS,daniel.okonkwo@example.net,1.0,176,202
logs_sample.jsonl,37,full_log_record,EMAIL_ADDRESS,daniel.okonkwo@example.net,1.0,285,311
logs_sample.jsonl,37,full_log_record,PERSON,Daniel Okonkwo,0.85,258,272
logs_sample.jsonl,37,full_log_record,DATE_TIME,4419,0.85,363,367
logs_sample.jsonl,37,full_log_record,LOCATION,Hawthorne Blvd,0.85,371,385
logs_sample.jsonl,37,full_log_record,LOCATION,Portland,0.85,387,395
logs_sample.jsonl,37,full_log_record,PHONE_NUMBER,+1-503-555-0178,0.75,324,339
logs_sample.jsonl,37,full_log_record,URL,example.net,0.5,191,202
logs_sample.jsonl,37,full_log_record,URL,example.net,0.5,300,311
logs_sample.jsonl,37,full_log_record,PHONE_NUMBER,1721004932,0.4,7,17
logs_sample.jsonl,37,full_log_record,PHONE_NUMBER,1721004932,0.4,88,98
logs_sample.jsonl,37,full_log_record,US_BANK_NUMBER,1721004932,0.05,7,17
logs_sample.jsonl,38,full_log_record,EMAIL_ADDRESS,marcus.webb@example.com,1.0,850,873
logs_sample.jsonl,38,full_log_record,DATE_TIME,2024-05-10,0.95,1165,1175
logs_sample.jsonl,38,full_log_record,DATE_TIME,2024-05-14,0.95,1197,1207
logs_sample.jsonl,38,full_log_record,DATE_TIME,1721005069,0.85,7,17
logs_sample.jsonl,38,full_log_record,LOCATION,kb_search      ,0.85,603,618
logs_sample.jsonl,38,full_log_record,PERSON,Marcus Webb,0.85,826,837
logs_sample.jsonl,38,full_log_record,DATE_TIME,1877,0.85,925,929
logs_sample.jsonl,38,full_log_record,LOCATION,Chicago,0.85,951,958
logs_sample.jsonl,38,full_log_record,DATE_TIME,8802,0.85,996,1000
logs_sample.jsonl,38,full_log_record,DATE_TIME,2023-04-11,0.85,1023,1033
logs_sample.jsonl,38,full_log_record,DATE_TIME,1909,0.85,1433,1437
logs_sample.jsonl,38,full_log_record,PHONE_NUMBER,+1-312-555-0143,0.75,886,901
logs_sample.jsonl,38,full_log_record,URL,example.com,0.5,862,873
logs_sample.jsonl,38,full_log_record,PHONE_NUMBER,1721005069,0.4,7,17
logs_sample.jsonl,38,full_log_record,PHONE_NUMBER,1721005069,0.4,88,98
logs_sample.jsonl,38,full_log_record,US_BANK_NUMBER,1721005069,0.05,7,17
logs_sample.jsonl,39,full_log_record,DATE_TIME,1721005206,0.85,7,17
logs_sample.jsonl,39,full_log_record,PHONE_NUMBER,1721005206,0.4,7,17
logs_sample.jsonl,39,full_log_record,PHONE_NUMBER,1721005206,0.4,90,100
logs_sample.jsonl,39,full_log_record,US_BANK_NUMBER,1721005206,0.05,7,17
logs_sample.jsonl,40,full_log_record,PHONE_NUMBER,1721005343,0.4,7,17
logs_sample.jsonl,40,full_log_record,PHONE_NUMBER,1721005343,0.4,88,98
logs_sample.jsonl,40,full_log_record,US_BANK_NUMBER,1721005343,0.05,7,17
logs_sample.jsonl,41,full_log_record,IP_ADDRESS,97.73.192.176,0.95,226,239
logs_sample.jsonl,41,full_log_record,DATE_TIME,ORD-2026-5010,0.85,196,209
logs_sample.jsonl,41,full_log_record,PHONE_NUMBER,1721005480,0.4,7,17
logs_sample.jsonl,41,full_log_record,PHONE_NUMBER,1721005480,0.4,90,100
logs_sample.jsonl,41,full_log_record,PHONE_NUMBER,97.73.192.176,0.4,226,239
logs_sample.jsonl,41,full_log_record,US_BANK_NUMBER,1721005480,0.05,7,17
logs_sample.jsonl,42,full_log_record,EMAIL_ADDRESS,sofia.bergqvist@example.com,1.0,176,203
logs_sample.jsonl,42,full_log_record,EMAIL_ADDRESS,sofia.bergqvist@example.com,1.0,287,314
logs_sample.jsonl,42,full_log_record,DATE_TIME,1721005617,0.85,7,17
logs_sample.jsonl,42,full_log_record,PERSON,Sofia Bergqvist,0.85,259,274
logs_sample.jsonl,42,full_log_record,LOCATION,Seattle,0.85,388,395
logs_sample.jsonl,42,full_log_record,LOCATION,WA,0.85,397,399
logs_sample.jsonl,42,full_log_record,PHONE_NUMBER,+1-206-555-0165,0.75,327,342
logs_sample.jsonl,42,full_log_record,URL,sofia.be,0.5,176,184
logs_sample.jsonl,42,full_log_record,URL,example.com,0.5,192,203
logs_sample.jsonl,42,full_log_record,URL,sofia.be,0.5,287,295
logs_sample.jsonl,42,full_log_record,URL,example.com,0.5,303,314
logs_sample.jsonl,42,full_log_record,PHONE_NUMBER,1721005617,0.4,7,17
logs_sample.jsonl,42,full_log_record,PHONE_NUMBER,1721005617,0.4,88,98
logs_sample.jsonl,42,full_log_record,US_BANK_NUMBER,1721005617,0.05,7,17
logs_sample.jsonl,43,full_log_record,EMAIL_ADDRESS,priya.raghunathan@example.org,1.0,878,907
logs_sample.jsonl,43,full_log_record,DATE_TIME,2026-06-19,0.95,1193,1203
logs_sample.jsonl,43,full_log_record,DATE_TIME,2026-06-28,0.95,1225,1235
logs_sample.jsonl,43,full_log_record,LOCATION,kb_search      ,0.85,603,618
logs_sample.jsonl,43,full_log_record,LOCATION,Newton,0.85,979,985
logs_sample.jsonl,43,full_log_record,DATE_TIME,2021-09-30,0.85,1050,1060
logs_sample.jsonl,43,full_log_record,PERSON,RETURN_RECEIVED,0.85,1353,1368
logs_sample.jsonl,43,full_log_record,PHONE_NUMBER,+1-617-555-0192,0.75,920,935
logs_sample.jsonl,43,full_log_record,URL,example.org,0.5,896,907
logs_sample.jsonl,43,full_log_record,PHONE_NUMBER,1721005754,0.4,7,17
logs_sample.jsonl,43,full_log_record,PHONE_NUMBER,1721005754,0.4,88,98
logs_sample.jsonl,43,full_log_record,US_BANK_NUMBER,1721005754,0.05,7,17
logs_sample.jsonl,44,full_log_record,PHONE_NUMBER,1721005891,0.4,7,17
logs_sample.jsonl,44,full_log_record,PHONE_NUMBER,1721005891,0.4,90,100
logs_sample.jsonl,44,full_log_record,US_BANK_NUMBER,1721005891,0.05,7,17
logs_sample.jsonl,45,full_log_record,PHONE_NUMBER,1721006028,0.4,7,17
logs_sample.jsonl,45,full_log_record,PHONE_NUMBER,1721006028,0.4,88,98
logs_sample.jsonl,45,full_log_record,US_BANK_NUMBER,1721006028,0.05,7,17
logs_sample.jsonl,46,full_log_record,IP_ADDRESS,29.199.84.247,0.95,196,209
logs_sample.jsonl,46,full_log_record,DATE_TIME,1721006165,0.85,7,17
logs_sample.jsonl,46,full_log_record,PHONE_NUMBER,1721006165,0.4,7,17
logs_sample.jsonl,46,full_log_record,PHONE_NUMBER,1721006165,0.4,90,100
logs_sample.jsonl,46,full_log_record,US_BANK_NUMBER,1721006165,0.05,7,17
logs_sample.jsonl,47,full_log_record,EMAIL_ADDRESS,sofia.bergqvist@example.com,1.0,176,203
logs_sample.jsonl,47,full_log_record,EMAIL_ADDRESS,sofia.bergqvist@example.com,1.0,287,314
logs_sample.jsonl,47,full_log_record,PERSON,Sofia Bergqvist,0.85,259,274
logs_sample.jsonl,47,full_log_record,LOCATION,Seattle,0.85,388,395
logs_sample.jsonl,47,full_log_record,LOCATION,WA,0.85,397,399
logs_sample.jsonl,47,full_log_record,PHONE_NUMBER,+1-206-555-0165,0.75,327,342
logs_sample.jsonl,47,full_log_record,URL,sofia.be,0.5,176,184
logs_sample.jsonl,47,full_log_record,URL,example.com,0.5,192,203
logs_sample.jsonl,47,full_log_record,URL,sofia.be,0.5,287,295
logs_sample.jsonl,47,full_log_record,URL,example.com,0.5,303,314
logs_sample.jsonl,47,full_log_record,PHONE_NUMBER,1721006302,0.4,7,17
logs_sample.jsonl,47,full_log_record,PHONE_NUMBER,1721006302,0.4,88,98
logs_sample.jsonl,47,full_log_record,US_BANK_NUMBER,1721006302,0.05,7,17
logs_sample.jsonl,48,full_log_record,EMAIL_ADDRESS,tomas.delgado@example.org,1.0,882,907
logs_sample.jsonl,48,full_log_record,DATE_TIME,2022-07-27,0.95,1196,1206
logs_sample.jsonl,48,full_log_record,DATE_TIME,2022-07-28,0.95,1228,1238
logs_sample.jsonl,48,full_log_record,DATE_TIME,1721006439,0.85,7,17
logs_sample.jsonl,48,full_log_record,LOCATION,kb_search      ,0.85,603,618
logs_sample.jsonl,48,full_log_record,DATE_TIME,last month,0.85,744,754
logs_sample.jsonl,48,full_log_record,PERSON,Delgado,0.85,862,869
logs_sample.jsonl,48,full_log_record,LOCATION,Miami,0.85,984,989
logs_sample.jsonl,48,full_log_record,LOCATION,FL,0.85,991,993
logs_sample.jsonl,48,full_log_record,DATE_TIME,2022-11-03,0.85,1054,1064
logs_sample.jsonl,48,full_log_record,PHONE_NUMBER,+1-786-555-0121,0.75,920,935
logs_sample.jsonl,48,full_log_record,URL,tomas.de,0.5,882,890
logs_sample.jsonl,48,full_log_record,URL,example.org,0.5,896,907
logs_sample.jsonl,48,full_log_record,PHONE_NUMBER,1721006439,0.4,7,17
logs_sample.jsonl,48,full_log_record,PHONE_NUMBER,1721006439,0.4,88,98
logs_sample.jsonl,48,full_log_record,US_BANK_NUMBER,1721006439,0.05,7,17
logs_sample.jsonl,49,full_log_record,PHONE_NUMBER,1721006576,0.4,7,17
logs_sample.jsonl,49,full_log_record,PHONE_NUMBER,1721006576,0.4,90,100
logs_sample.jsonl,49,full_log_record,US_BANK_NUMBER,1721006576,0.05,7,17
logs_sample.jsonl,50,full_log_record,DATE_TIME,1721006713,0.85,7,17
logs_sample.jsonl,50,full_log_record,PHONE_NUMBER,1721006713,0.4,7,17
logs_sample.jsonl,50,full_log_record,PHONE_NUMBER,1721006713,0.4,88,98
logs_sample.jsonl,50,full_log_record,US_BANK_NUMBER,1721006713,0.05,7,17
logs_sample.jsonl,51,full_log_record,IP_ADDRESS,132.198.106.15,0.95,252,266
logs_sample.jsonl,51,full_log_record,DATE_TIME,three weeks,0.85,178,189
logs_sample.jsonl,51,full_log_record,PHONE_NUMBER,1721006850,0.4,7,17
logs_sample.jsonl,51,full_log_record,PHONE_NUMBER,1721006850,0.4,90,100
logs_sample.jsonl,51,full_log_record,PHONE_NUMBER,132.198.106.15,0.4,252,266
logs_sample.jsonl,51,full_log_record,US_BANK_NUMBER,1721006850,0.05,7,17
logs_sample.jsonl,52,full_log_record,EMAIL_ADDRESS,tomas.delgado@example.org,1.0,176,201
logs_sample.jsonl,52,full_log_record,EMAIL_ADDRESS,tomas.delgado@example.org,1.0,288,313
logs_sample.jsonl,52,full_log_record,DATE_TIME,1721006987,0.85,7,17
logs_sample.jsonl,52,full_log_record,PERSON,Delgado,0.85,268,275
logs_sample.jsonl,52,full_log_record,LOCATION,Miami,0.85,390,395
logs_sample.jsonl,52,full_log_record,LOCATION,FL,0.85,397,399
logs_sample.jsonl,52,full_log_record,PHONE_NUMBER,+1-786-555-0121,0.75,326,341
logs_sample.jsonl,52,full_log_record,URL,tomas.de,0.5,176,184
logs_sample.jsonl,52,full_log_record,URL,example.org,0.5,190,201
logs_sample.jsonl,52,full_log_record,URL,tomas.de,0.5,288,296
logs_sample.jsonl,52,full_log_record,URL,example.org,0.5,302,313
logs_sample.jsonl,52,full_log_record,PHONE_NUMBER,1721006987,0.4,7,17
logs_sample.jsonl,52,full_log_record,PHONE_NUMBER,1721006987,0.4,88,98
logs_sample.jsonl,52,full_log_record,US_BANK_NUMBER,1721006987,0.05,7,17
logs_sample.jsonl,53,full_log_record,EMAIL_ADDRESS,marcus.webb@example.com,1.0,850,873
logs_sample.jsonl,53,full_log_record,DATE_TIME,2026-07-11,0.95,1165,1175
logs_sample.jsonl,53,full_log_record,DATE_TIME,2026-07-16,0.95,1197,1207
logs_sample.jsonl,53,full_log_record,LOCATION,kb_search      ,0.85,603,618
logs_sample.jsonl,53,full_log_record,PERSON,Marcus Webb,0.85,826,837
logs_sample.jsonl,53,full_log_record,DATE_TIME,1877,0.85,925,929
logs_sample.jsonl,53,full_log_record,LOCATION,Chicago,0.85,951,958
logs_sample.jsonl,53,full_log_record,DATE_TIME,8802,0.85,996,1000
logs_sample.jsonl,53,full_log_record,DATE_TIME,2023-04-11,0.85,1023,1033
logs_sample.jsonl,53,full_log_record,LOCATION,Ridge Planter,0.85,1264,1277
logs_sample.jsonl,53,full_log_record,PHONE_NUMBER,+1-312-555-0143,0.75,886,901
logs_sample.jsonl,53,full_log_record,URL,example.com,0.5,862,873
logs_sample.jsonl,53,full_log_record,PHONE_NUMBER,1721007124,0.4,7,17
logs_sample.jsonl,53,full_log_record,PHONE_NUMBER,1721007124,0.4,88,98
logs_sample.jsonl,53,full_log_record,US_BANK_NUMBER,1721007124,0.05,7,17
logs_sample.jsonl,54,full_log_record,DATE_TIME,4 business hours,0.85,217,233
logs_sample.jsonl,54,full_log_record,PHONE_NUMBER,1721007261,0.4,7,17
logs_sample.jsonl,54,full_log_record,PHONE_NUMBER,1721007261,0.4,90,100
logs_sample.jsonl,54,full_log_record,US_BANK_NUMBER,1721007261,0.05,7,17
logs_sample.jsonl,55,full_log_record,PHONE_NUMBER,1721007398,0.4,7,17
logs_sample.jsonl,55,full_log_record,PHONE_NUMBER,1721007398,0.4,88,98
logs_sample.jsonl,55,full_log_record,US_BANK_NUMBER,1721007398,0.05,7,17
logs_sample.jsonl,56,full_log_record,IP_ADDRESS,135.181.128.57,0.95,221,235
logs_sample.jsonl,56,full_log_record,DATE_TIME,last month,0.85,194,204
logs_sample.jsonl,56,full_log_record,PHONE_NUMBER,1721007535,0.4,7,17
logs_sample.jsonl,56,full_log_record,PHONE_NUMBER,1721007535,0.4,90,100
logs_sample.jsonl,56,full_log_record,PHONE_NUMBER,135.181.128.57,0.4,221,235
logs_sample.jsonl,56,full_log_record,US_BANK_NUMBER,1721007535,0.05,7,17
logs_sample.jsonl,57,full_log_record,EMAIL_ADDRESS,sofia.bergqvist@example.com,1.0,176,203
logs_sample.jsonl,57,full_log_record,EMAIL_ADDRESS,sofia.bergqvist@example.com,1.0,287,314
logs_sample.jsonl,57,full_log_record,PERSON,sess_1721007672_1ac97e,0.85,83,105
logs_sample.jsonl,57,full_log_record,PERSON,Sofia Bergqvist,0.85,259,274
logs_sample.jsonl,57,full_log_record,LOCATION,Seattle,0.85,388,395
logs_sample.jsonl,57,full_log_record,LOCATION,WA,0.85,397,399
logs_sample.jsonl,57,full_log_record,PHONE_NUMBER,+1-206-555-0165,0.75,327,342
logs_sample.jsonl,57,full_log_record,URL,sofia.be,0.5,176,184
logs_sample.jsonl,57,full_log_record,URL,example.com,0.5,192,203
logs_sample.jsonl,57,full_log_record,URL,sofia.be,0.5,287,295
logs_sample.jsonl,57,full_log_record,URL,example.com,0.5,303,314
logs_sample.jsonl,57,full_log_record,PHONE_NUMBER,1721007672,0.4,7,17
logs_sample.jsonl,57,full_log_record,PHONE_NUMBER,1721007672,0.4,88,98
logs_sample.jsonl,57,full_log_record,US_BANK_NUMBER,1721007672,0.05,7,17
logs_sample.jsonl,58,full_log_record,EMAIL_ADDRESS,daniel.okonkwo@example.net,1.0,872,898
logs_sample.jsonl,58,full_log_record,DATE_TIME,2024-07-27,0.95,1188,1198
logs_sample.jsonl,58,full_log_record,DATE_TIME,2024-07-28,0.95,1220,1230
logs_sample.jsonl,58,full_log_record,DATE_TIME,1721007809,0.85,7,17
logs_sample.jsonl,58,full_log_record,LOCATION,kb_search      ,0.85,603,618
logs_sample.jsonl,58,full_log_record,DATE_TIME,two weeks,0.85,739,748
logs_sample.jsonl,58,full_log_record,PERSON,Daniel Okonkwo,0.85,845,859
logs_sample.jsonl,58,full_log_record,DATE_TIME,4419,0.85,950,954
logs_sample.jsonl,58,full_log_record,LOCATION,Hawthorne Blvd,0.85,958,972
logs_sample.jsonl,58,full_log_record,LOCATION,Portland,0.85,974,982
logs_sample.jsonl,58,full_log_record,DATE_TIME,2024-01-22,0.85,1047,1057
logs_sample.jsonl,58,full_log_record,PHONE_NUMBER,+1-503-555-0178,0.75,911,926
logs_sample.jsonl,58,full_log_record,URL,example.net,0.5,887,898
logs_sample.jsonl,58,full_log_record,PHONE_NUMBER,1721007809,0.4,7,17
logs_sample.jsonl,58,full_log_record,PHONE_NUMBER,1721007809,0.4,88,98
logs_sample.jsonl,58,full_log_record,US_BANK_NUMBER,1721007809,0.05,7,17
logs_sample.jsonl,59,full_log_record,DATE_TIME,30-day,0.85,173,179
logs_sample.jsonl,59,full_log_record,PHONE_NUMBER,1721007946,0.4,7,17
logs_sample.jsonl,59,full_log_record,PHONE_NUMBER,1721007946,0.4,90,100
logs_sample.jsonl,59,full_log_record,US_BANK_NUMBER,1721007946,0.05,7,17
logs_sample.jsonl,60,full_log_record,EMAIL_ADDRESS,daniel.okonkwo@example.net,1.0,283,309
logs_sample.jsonl,60,full_log_record,PERSON,Daniel Okonkwo,0.85,267,281
logs_sample.jsonl,60,full_log_record,DATE_TIME,RF-2026-88059,0.85,385,398
logs_sample.jsonl,60,full_log_record,URL,example.net,0.5,298,309
logs_sample.jsonl,60,full_log_record,PHONE_NUMBER,1721008083,0.4,7,17
logs_sample.jsonl,60,full_log_record,PHONE_NUMBER,1721008083,0.4,88,98
logs_sample.jsonl,60,full_log_record,US_BANK_NUMBER,1721008083,0.05,7,17
logs_sample.jsonl,61,full_log_record,IP_ADDRESS,120.207.145.117,0.95,252,267
logs_sample.jsonl,61,full_log_record,DATE_TIME,1721008220,0.85,7,17
logs_sample.jsonl,61,full_log_record,DATE_TIME,three weeks,0.85,178,189
logs_sample.jsonl,61,full_log_record,PHONE_NUMBER,1721008220,0.4,7,17
logs_sample.jsonl,61,full_log_record,PHONE_NUMBER,1721008220,0.4,90,100
logs_sample.jsonl,61,full_log_record,US_BANK_NUMBER,1721008220,0.05,7,17
logs_sample.jsonl,62,full_log_record,EMAIL_ADDRESS,sofia.bergqvist@example.com,1.0,176,203
logs_sample.jsonl,62,full_log_record,EMAIL_ADDRESS,sofia.bergqvist@example.com,1.0,287,314
logs_sample.jsonl,62,full_log_record,DATE_TIME,1721008357,0.85,7,17
logs_sample.jsonl,62,full_log_record,PERSON,Sofia Bergqvist,0.85,259,274
logs_sample.jsonl,62,full_log_record,LOCATION,Seattle,0.85,388,395
logs_sample.jsonl,62,full_log_record,LOCATION,WA,0.85,397,399
logs_sample.jsonl,62,full_log_record,PHONE_NUMBER,+1-206-555-0165,0.75,327,342
logs_sample.jsonl,62,full_log_record,URL,sofia.be,0.5,176,184
logs_sample.jsonl,62,full_log_record,URL,example.com,0.5,192,203
logs_sample.jsonl,62,full_log_record,URL,sofia.be,0.5,287,295
logs_sample.jsonl,62,full_log_record,URL,example.com,0.5,303,314
logs_sample.jsonl,62,full_log_record,PHONE_NUMBER,1721008357,0.4,7,17
logs_sample.jsonl,62,full_log_record,PHONE_NUMBER,1721008357,0.4,88,98
logs_sample.jsonl,62,full_log_record,US_BANK_NUMBER,1721008357,0.05,7,17
logs_sample.jsonl,63,full_log_record,EMAIL_ADDRESS,daniel.okonkwo@example.net,1.0,887,913
logs_sample.jsonl,63,full_log_record,DATE_TIME,2025-03-26,0.95,1203,1213
logs_sample.jsonl,63,full_log_record,DATE_TIME,2025-03-28,0.95,1235,1245
logs_sample.jsonl,63,full_log_record,LOCATION,kb_search      ,0.85,603,618
logs_sample.jsonl,63,full_log_record,PERSON,Daniel Okonkwo,0.85,860,874
logs_sample.jsonl,63,full_log_record,DATE_TIME,4419,0.85,965,969
logs_sample.jsonl,63,full_log_record,LOCATION,Hawthorne Blvd,0.85,973,987
logs_sample.jsonl,63,full_log_record,LOCATION,Portland,0.85,989,997
logs_sample.jsonl,63,full_log_record,DATE_TIME,2024-01-22,0.85,1062,1072
logs_sample.jsonl,63,full_log_record,PHONE_NUMBER,+1-503-555-0178,0.75,926,941
logs_sample.jsonl,63,full_log_record,URL,example.net,0.5,902,913
logs_sample.jsonl,63,full_log_record,PHONE_NUMBER,1721008494,0.4,7,17
logs_sample.jsonl,63,full_log_record,PHONE_NUMBER,1721008494,0.4,88,98
logs_sample.jsonl,63,full_log_record,US_BANK_NUMBER,1721008494,0.05,7,17
logs_sample.jsonl,64,full_log_record,DATE_TIME,4 business hours,0.85,217,233
logs_sample.jsonl,64,full_log_record,PHONE_NUMBER,1721008631,0.4,7,17
logs_sample.jsonl,64,full_log_record,PHONE_NUMBER,1721008631,0.4,90,100
logs_sample.jsonl,64,full_log_record,US_BANK_NUMBER,1721008631,0.05,7,17
logs_sample.jsonl,65,full_log_record,EMAIL_ADDRESS,daniel.okonkwo@example.net,1.0,282,308
logs_sample.jsonl,65,full_log_record,PERSON,Daniel Okonkwo,0.85,266,280
logs_sample.jsonl,65,full_log_record,DATE_TIME,RF-2026-88064,0.85,384,397
logs_sample.jsonl,65,full_log_record,URL,example.net,0.5,297,308
logs_sample.jsonl,65,full_log_record,PHONE_NUMBER,1721008768,0.4,7,17
logs_sample.jsonl,65,full_log_record,PHONE_NUMBER,1721008768,0.4,88,98
logs_sample.jsonl,65,full_log_record,US_BANK_NUMBER,1721008768,0.05,7,17
logs_sample.jsonl,66,full_log_record,IP_ADDRESS,40.103.195.48,0.95,216,229
logs_sample.jsonl,66,full_log_record,DATE_TIME,1721008905,0.85,7,17
logs_sample.jsonl,66,full_log_record,PERSON,40.103.195.48,0.85,216,229
logs_sample.jsonl,66,full_log_record,PHONE_NUMBER,1721008905,0.4,7,17
logs_sample.jsonl,66,full_log_record,PHONE_NUMBER,1721008905,0.4,90,100
logs_sample.jsonl,66,full_log_record,US_BANK_NUMBER,1721008905,0.05,7,17
logs_sample.jsonl,67,full_log_record,EMAIL_ADDRESS,sofia.bergqvist@example.com,1.0,176,203
logs_sample.jsonl,67,full_log_record,EMAIL_ADDRESS,sofia.bergqvist@example.com,1.0,287,314
logs_sample.jsonl,67,full_log_record,DATE_TIME,1721009042,0.85,7,17
logs_sample.jsonl,67,full_log_record,PERSON,Sofia Bergqvist,0.85,259,274
logs_sample.jsonl,67,full_log_record,LOCATION,Seattle,0.85,388,395
logs_sample.jsonl,67,full_log_record,LOCATION,WA,0.85,397,399
logs_sample.jsonl,67,full_log_record,PHONE_NUMBER,+1-206-555-0165,0.75,327,342
logs_sample.jsonl,67,full_log_record,URL,sofia.be,0.5,176,184
logs_sample.jsonl,67,full_log_record,URL,example.com,0.5,192,203
logs_sample.jsonl,67,full_log_record,URL,sofia.be,0.5,287,295
logs_sample.jsonl,67,full_log_record,URL,example.com,0.5,303,314
logs_sample.jsonl,67,full_log_record,PHONE_NUMBER,1721009042,0.4,7,17
logs_sample.jsonl,67,full_log_record,PHONE_NUMBER,1721009042,0.4,88,98
logs_sample.jsonl,67,full_log_record,US_BANK_NUMBER,1721009042,0.05,7,17
logs_sample.jsonl,68,full_log_record,EMAIL_ADDRESS,sofia.bergqvist@example.com,1.0,874,901
logs_sample.jsonl,68,full_log_record,DATE_TIME,2026-07-25,0.95,1189,1199
logs_sample.jsonl,68,full_log_record,DATE_TIME,2026-07-30,0.95,1221,1231
logs_sample.jsonl,68,full_log_record,LOCATION,kb_search      ,0.85,603,618
logs_sample.jsonl,68,full_log_record,PERSON,Sofia Bergqvist,0.85,846,861
logs_sample.jsonl,68,full_log_record,LOCATION,Seattle,0.85,975,982
logs_sample.jsonl,68,full_log_record,LOCATION,WA,0.85,984,986
logs_sample.jsonl,68,full_log_record,DATE_TIME,2025-06-08,0.85,1047,1057
logs_sample.jsonl,68,full_log_record,PHONE_NUMBER,+1-206-555-0165,0.75,914,929
logs_sample.jsonl,68,full_log_record,URL,sofia.be,0.5,874,882
logs_sample.jsonl,68,full_log_record,URL,example.com,0.5,890,901
logs_sample.jsonl,68,full_log_record,PHONE_NUMBER,1721009179,0.4,7,17
logs_sample.jsonl,68,full_log_record,PHONE_NUMBER,1721009179,0.4,88,98
logs_sample.jsonl,68,full_log_record,US_BANK_NUMBER,1721009179,0.05,7,17
logs_sample.jsonl,69,full_log_record,PHONE_NUMBER,1721009316,0.4,7,17
logs_sample.jsonl,69,full_log_record,PHONE_NUMBER,1721009316,0.4,90,100
logs_sample.jsonl,69,full_log_record,US_BANK_NUMBER,1721009316,0.05,7,17
logs_sample.jsonl,70,full_log_record,PHONE_NUMBER,1721009453,0.4,7,17
logs_sample.jsonl,70,full_log_record,PHONE_NUMBER,1721009453,0.4,88,98
logs_sample.jsonl,70,full_log_record,US_BANK_NUMBER,1721009453,0.05,7,17
logs_sample.jsonl,71,full_log_record,IP_ADDRESS,191.183.211.233,0.95,218,233
logs_sample.jsonl,71,full_log_record,DATE_TIME,1721009590,0.85,7,17
logs_sample.jsonl,71,full_log_record,PHONE_NUMBER,1721009590,0.4,7,17
logs_sample.jsonl,71,full_log_record,PHONE_NUMBER,1721009590,0.4,90,100
logs_sample.jsonl,71,full_log_record,US_BANK_NUMBER,1721009590,0.05,7,17
logs_sample.jsonl,72,full_log_record,EMAIL_ADDRESS,tomas.delgado@example.org,1.0,176,201
logs_sample.jsonl,72,full_log_record,EMAIL_ADDRESS,tomas.delgado@example.org,1.0,288,313
logs_sample.jsonl,72,full_log_record,PERSON,Delgado,0.85,268,275
logs_sample.jsonl,72,full_log_record,LOCATION,Miami,0.85,390,395
logs_sample.jsonl,72,full_log_record,LOCATION,FL,0.85,397,399
logs_sample.jsonl,72,full_log_record,PHONE_NUMBER,+1-786-555-0121,0.75,326,341
logs_sample.jsonl,72,full_log_record,URL,tomas.de,0.5,176,184
logs_sample.jsonl,72,full_log_record,URL,example.org,0.5,190,201
logs_sample.jsonl,72,full_log_record,URL,tomas.de,0.5,288,296
logs_sample.jsonl,72,full_log_record,URL,example.org,0.5,302,313
logs_sample.jsonl,72,full_log_record,PHONE_NUMBER,1721009727,0.4,7,17
logs_sample.jsonl,72,full_log_record,PHONE_NUMBER,1721009727,0.4,88,98
logs_sample.jsonl,72,full_log_record,US_BANK_NUMBER,1721009727,0.05,7,17
logs_sample.jsonl,73,full_log_record,EMAIL_ADDRESS,tomas.delgado@example.org,1.0,891,916
logs_sample.jsonl,73,full_log_record,DATE_TIME,2026-02-22,0.95,1205,1215
logs_sample.jsonl,73,full_log_record,DATE_TIME,2026-02-28,0.95,1237,1247
logs_sample.jsonl,73,full_log_record,LOCATION,kb_search      ,0.85,603,618
logs_sample.jsonl,73,full_log_record,PERSON,Delgado,0.85,871,878
logs_sample.jsonl,73,full_log_record,LOCATION,Miami,0.85,993,998
logs_sample.jsonl,73,full_log_record,LOCATION,FL,0.85,1000,1002
logs_sample.jsonl,73,full_log_record,DATE_TIME,2022-11-03,0.85,1063,1073
logs_sample.jsonl,73,full_log_record,PHONE_NUMBER,+1-786-555-0121,0.75,929,944
logs_sample.jsonl,73,full_log_record,URL,tomas.de,0.5,891,899
logs_sample.jsonl,73,full_log_record,URL,example.org,0.5,905,916
logs_sample.jsonl,73,full_log_record,PHONE_NUMBER,1721009864,0.4,7,17
logs_sample.jsonl,73,full_log_record,PHONE_NUMBER,1721009864,0.4,88,98
logs_sample.jsonl,73,full_log_record,US_BANK_NUMBER,1721009864,0.05,7,17
logs_sample.jsonl,74,full_log_record,PHONE_NUMBER,1721010001,0.4,7,17
logs_sample.jsonl,74,full_log_record,PHONE_NUMBER,1721010001,0.4,90,100
logs_sample.jsonl,74,full_log_record,US_BANK_NUMBER,1721010001,0.05,7,17
logs_sample.jsonl,75,full_log_record,EMAIL_ADDRESS,marcus.webb@example.com,1.0,274,297
logs_sample.jsonl,75,full_log_record,DATE_TIME,1721010138,0.85,7,17
logs_sample.jsonl,75,full_log_record,PERSON,Customer Marcus Webb,0.85,252,272
logs_sample.jsonl,75,full_log_record,DATE_TIME,8802,0.85,337,341
logs_sample.jsonl,75,full_log_record,DATE_TIME,RF-2026-88074,0.85,373,386
logs_sample.jsonl,75,full_log_record,URL,example.com,0.5,286,297
logs_sample.jsonl,75,full_log_record,PHONE_NUMBER,1721010138,0.4,7,17
logs_sample.jsonl,75,full_log_record,PHONE_NUMBER,1721010138,0.4,88,98
logs_sample.jsonl,75,full_log_record,US_BANK_NUMBER,1721010138,0.05,7,17
logs_sample.jsonl,76,full_log_record,IP_ADDRESS,159.161.104.151,0.95,226,241
logs_sample.jsonl,76,full_log_record,DATE_TIME,1721010275,0.85,7,17
logs_sample.jsonl,76,full_log_record,DATE_TIME,ORD-2026-5010,0.85,196,209
logs_sample.jsonl,76,full_log_record,PHONE_NUMBER,1721010275,0.4,7,17
logs_sample.jsonl,76,full_log_record,PHONE_NUMBER,1721010275,0.4,90,100
logs_sample.jsonl,76,full_log_record,US_BANK_NUMBER,1721010275,0.05,7,17
logs_sample.jsonl,77,full_log_record,EMAIL_ADDRESS,sofia.bergqvist@example.com,1.0,176,203
logs_sample.jsonl,77,full_log_record,EMAIL_ADDRESS,sofia.bergqvist@example.com,1.0,287,314
logs_sample.jsonl,77,full_log_record,PERSON,Sofia Bergqvist,0.85,259,274
logs_sample.jsonl,77,full_log_record,LOCATION,Seattle,0.85,388,395
logs_sample.jsonl,77,full_log_record,LOCATION,WA,0.85,397,399
logs_sample.jsonl,77,full_log_record,PHONE_NUMBER,+1-206-555-0165,0.75,327,342
logs_sample.jsonl,77,full_log_record,URL,sofia.be,0.5,176,184
logs_sample.jsonl,77,full_log_record,URL,example.com,0.5,192,203
logs_sample.jsonl,77,full_log_record,URL,sofia.be,0.5,287,295
logs_sample.jsonl,77,full_log_record,URL,example.com,0.5,303,314
logs_sample.jsonl,77,full_log_record,PHONE_NUMBER,1721010412,0.4,7,17
logs_sample.jsonl,77,full_log_record,PHONE_NUMBER,1721010412,0.4,88,98
logs_sample.jsonl,77,full_log_record,US_BANK_NUMBER,1721010412,0.05,7,17
logs_sample.jsonl,78,full_log_record,EMAIL_ADDRESS,sofia.bergqvist@example.com,1.0,878,905
logs_sample.jsonl,78,full_log_record,DATE_TIME,2026-07-25,0.95,1193,1203
logs_sample.jsonl,78,full_log_record,DATE_TIME,2026-07-30,0.95,1225,1235
logs_sample.jsonl,78,full_log_record,LOCATION,kb_search      ,0.85,603,618
logs_sample.jsonl,78,full_log_record,PERSON,Sofia Bergqvist,0.85,850,865
logs_sample.jsonl,78,full_log_record,LOCATION,Seattle,0.85,979,986
logs_sample.jsonl,78,full_log_record,LOCATION,WA,0.85,988,990
logs_sample.jsonl,78,full_log_record,DATE_TIME,2025-06-08,0.85,1051,1061
logs_sample.jsonl,78,full_log_record,DATE_TIME,1111,0.85,1384,1388
logs_sample.jsonl,78,full_log_record,PHONE_NUMBER,+1-206-555-0165,0.75,918,933
logs_sample.jsonl,78,full_log_record,URL,sofia.be,0.5,878,886
logs_sample.jsonl,78,full_log_record,URL,example.com,0.5,894,905
logs_sample.jsonl,78,full_log_record,PHONE_NUMBER,1721010549,0.4,7,17
logs_sample.jsonl,78,full_log_record,PHONE_NUMBER,1721010549,0.4,88,98
logs_sample.jsonl,78,full_log_record,US_BANK_NUMBER,1721010549,0.05,7,17
logs_sample.jsonl,79,full_log_record,PHONE_NUMBER,1721010686,0.4,7,17
logs_sample.jsonl,79,full_log_record,PHONE_NUMBER,1721010686,0.4,90,100
logs_sample.jsonl,79,full_log_record,US_BANK_NUMBER,1721010686,0.05,7,17
logs_sample.jsonl,80,full_log_record,DATE_TIME,two weeks,0.85,204,213
logs_sample.jsonl,80,full_log_record,PHONE_NUMBER,1721010823,0.4,7,17
logs_sample.jsonl,80,full_log_record,PHONE_NUMBER,1721010823,0.4,88,98
logs_sample.jsonl,80,full_log_record,US_BANK_NUMBER,1721010823,0.05,7,17
logs_sample.jsonl,81,full_log_record,IP_ADDRESS,105.137.90.234,0.95,210,224
logs_sample.jsonl,81,full_log_record,PERSON,Kessler,0.85,167,174
logs_sample.jsonl,81,full_log_record,PHONE_NUMBER,1721010960,0.4,7,17
logs_sample.jsonl,81,full_log_record,PHONE_NUMBER,1721010960,0.4,90,100
logs_sample.jsonl,81,full_log_record,US_BANK_NUMBER,1721010960,0.05,7,17
logs_sample.jsonl,82,full_log_record,EMAIL_ADDRESS,priya.raghunathan@example.org,1.0,176,205
logs_sample.jsonl,82,full_log_record,EMAIL_ADDRESS,priya.raghunathan@example.org,1.0,291,320
logs_sample.jsonl,82,full_log_record,DATE_TIME,1721011097,0.85,7,17
logs_sample.jsonl,82,full_log_record,LOCATION,Newton,0.85,392,398
logs_sample.jsonl,82,full_log_record,PHONE_NUMBER,+1-617-555-0192,0.75,333,348
logs_sample.jsonl,82,full_log_record,URL,example.org,0.5,194,205
logs_sample.jsonl,82,full_log_record,URL,example.org,0.5,309,320
logs_sample.jsonl,82,full_log_record,PHONE_NUMBER,1721011097,0.4,7,17
logs_sample.jsonl,82,full_log_record,PHONE_NUMBER,1721011097,0.4,88,98
logs_sample.jsonl,82,full_log_record,US_BANK_NUMBER,1721011097,0.05,7,17
logs_sample.jsonl,83,full_log_record,EMAIL_ADDRESS,priya.raghunathan@example.org,1.0,890,919
logs_sample.jsonl,83,full_log_record,DATE_TIME,2026-04-21,0.95,1205,1215
logs_sample.jsonl,83,full_log_record,DATE_TIME,2026-04-27,0.95,1237,1247
logs_sample.jsonl,83,full_log_record,LOCATION,kb_search      ,0.85,603,618
logs_sample.jsonl,83,full_log_record,LOCATION,Newton,0.85,991,997
logs_sample.jsonl,83,full_log_record,DATE_TIME,2021-09-30,0.85,1062,1072
logs_sample.jsonl,83,full_log_record,PHONE_NUMBER,+1-617-555-0192,0.75,932,947
logs_sample.jsonl,83,full_log_record,URL,example.org,0.5,908,919
logs_sample.jsonl,83,full_log_record,PHONE_NUMBER,1721011234,0.4,7,17
logs_sample.jsonl,83,full_log_record,PHONE_NUMBER,1721011234,0.4,88,98
logs_sample.jsonl,83,full_log_record,US_BANK_NUMBER,1721011234,0.05,7,17
logs_sample.jsonl,84,full_log_record,DATE_TIME,1721011371,0.85,7,17
logs_sample.jsonl,84,full_log_record,PHONE_NUMBER,1721011371,0.4,7,17
logs_sample.jsonl,84,full_log_record,PHONE_NUMBER,1721011371,0.4,90,100
logs_sample.jsonl,84,full_log_record,US_BANK_NUMBER,1721011371,0.05,7,17
logs_sample.jsonl,85,full_log_record,PHONE_NUMBER,1721011508,0.4,7,17
logs_sample.jsonl,85,full_log_record,PHONE_NUMBER,1721011508,0.4,88,98
logs_sample.jsonl,85,full_log_record,US_BANK_NUMBER,1721011508,0.05,7,17
logs_sample.jsonl,86,full_log_record,IP_ADDRESS,74.50.112.201,0.95,230,243
logs_sample.jsonl,86,full_log_record,PHONE_NUMBER,1721011645,0.4,7,17
logs_sample.jsonl,86,full_log_record,PHONE_NUMBER,1721011645,0.4,90,100
logs_sample.jsonl,86,full_log_record,PHONE_NUMBER,74.50.112.201,0.4,230,243
logs_sample.jsonl,86,full_log_record,US_BANK_NUMBER,1721011645,0.05,7,17
logs_sample.jsonl,87,full_log_record,EMAIL_ADDRESS,tomas.delgado@example.org,1.0,176,201
logs_sample.jsonl,87,full_log_record,EMAIL_ADDRESS,tomas.delgado@example.org,1.0,288,313
logs_sample.jsonl,87,full_log_record,DATE_TIME,1721011782,0.85,7,17
logs_sample.jsonl,87,full_log_record,PERSON,Delgado,0.85,268,275
logs_sample.jsonl,87,full_log_record,LOCATION,Miami,0.85,390,395
logs_sample.jsonl,87,full_log_record,LOCATION,FL,0.85,397,399
logs_sample.jsonl,87,full_log_record,PHONE_NUMBER,+1-786-555-0121,0.75,326,341
logs_sample.jsonl,87,full_log_record,URL,tomas.de,0.5,176,184
logs_sample.jsonl,87,full_log_record,URL,example.org,0.5,190,201
logs_sample.jsonl,87,full_log_record,URL,tomas.de,0.5,288,296
logs_sample.jsonl,87,full_log_record,URL,example.org,0.5,302,313
logs_sample.jsonl,87,full_log_record,PHONE_NUMBER,1721011782,0.4,7,17
logs_sample.jsonl,87,full_log_record,PHONE_NUMBER,1721011782,0.4,88,98
logs_sample.jsonl,87,full_log_record,US_BANK_NUMBER,1721011782,0.05,7,17
logs_sample.jsonl,88,full_log_record,EMAIL_ADDRESS,sofia.bergqvist@example.com,1.0,910,937
logs_sample.jsonl,88,full_log_record,DATE_TIME,2026-07-25,0.95,1225,1235
logs_sample.jsonl,88,full_log_record,DATE_TIME,2026-07-30,0.95,1257,1267
logs_sample.jsonl,88,full_log_record,LOCATION,kb_search      ,0.85,603,618
logs_sample.jsonl,88,full_log_record,DATE_TIME,three weeks,0.85,728,739
logs_sample.jsonl,88,full_log_record,PERSON,Sofia Bergqvist,0.85,882,897
logs_sample.jsonl,88,full_log_record,LOCATION,Seattle,0.85,1011,1018
logs_sample.jsonl,88,full_log_record,LOCATION,WA,0.85,1020,1022
logs_sample.jsonl,88,full_log_record,DATE_TIME,2025-06-08,0.85,1083,1093
logs_sample.jsonl,88,full_log_record,PHONE_NUMBER,+1-206-555-0165,0.75,950,965
logs_sample.jsonl,88,full_log_record,URL,sofia.be,0.5,910,918
logs_sample.jsonl,88,full_log_record,URL,example.com,0.5,926,937
logs_sample.jsonl,88,full_log_record,PHONE_NUMBER,1721011919,0.4,7,17
logs_sample.jsonl,88,full_log_record,PHONE_NUMBER,1721011919,0.4,88,98
logs_sample.jsonl,88,full_log_record,US_BANK_NUMBER,1721011919,0.05,7,17
logs_sample.jsonl,89,full_log_record,DATE_TIME,30-day,0.85,173,179
logs_sample.jsonl,89,full_log_record,PHONE_NUMBER,1721012056,0.4,7,17
logs_sample.jsonl,89,full_log_record,PHONE_NUMBER,1721012056,0.4,90,100
logs_sample.jsonl,89,full_log_record,US_BANK_NUMBER,1721012056,0.05,7,17
logs_sample.jsonl,90,full_log_record,EMAIL_ADDRESS,sofia.bergqvist@example.com,1.0,288,315
logs_sample.jsonl,90,full_log_record,DATE_TIME,9034,0.85,355,359
logs_sample.jsonl,90,full_log_record,DATE_TIME,RF-2026-88089,0.85,391,404
logs_sample.jsonl,90,full_log_record,URL,sofia.be,0.5,288,296
logs_sample.jsonl,90,full_log_record,URL,example.com,0.5,304,315
logs_sample.jsonl,90,full_log_record,PHONE_NUMBER,1721012193,0.4,7,17
logs_sample.jsonl,90,full_log_record,PHONE_NUMBER,1721012193,0.4,88,98
logs_sample.jsonl,90,full_log_record,US_BANK_NUMBER,1721012193,0.05,7,17
logs_sample.jsonl,91,full_log_record,IP_ADDRESS,175.160.173.180,0.95,230,245
logs_sample.jsonl,91,full_log_record,PHONE_NUMBER,1721012330,0.4,7,17
logs_sample.jsonl,91,full_log_record,PHONE_NUMBER,1721012330,0.4,90,100
logs_sample.jsonl,91,full_log_record,US_BANK_NUMBER,1721012330,0.05,7,17
logs_sample.jsonl,92,full_log_record,EMAIL_ADDRESS,tomas.delgado@example.org,1.0,176,201
logs_sample.jsonl,92,full_log_record,EMAIL_ADDRESS,tomas.delgado@example.org,1.0,288,313
logs_sample.jsonl,92,full_log_record,DATE_TIME,1721012467,0.85,7,17
logs_sample.jsonl,92,full_log_record,PERSON,Delgado,0.85,268,275
logs_sample.jsonl,92,full_log_record,LOCATION,Miami,0.85,390,395
logs_sample.jsonl,92,full_log_record,LOCATION,FL,0.85,397,399
logs_sample.jsonl,92,full_log_record,PHONE_NUMBER,+1-786-555-0121,0.75,326,341
logs_sample.jsonl,92,full_log_record,URL,tomas.de,0.5,176,184
logs_sample.jsonl,92,full_log_record,URL,example.org,0.5,190,201
logs_sample.jsonl,92,full_log_record,URL,tomas.de,0.5,288,296
logs_sample.jsonl,92,full_log_record,URL,example.org,0.5,302,313
logs_sample.jsonl,92,full_log_record,PHONE_NUMBER,1721012467,0.4,7,17
logs_sample.jsonl,92,full_log_record,PHONE_NUMBER,1721012467,0.4,88,98
logs_sample.jsonl,92,full_log_record,US_BANK_NUMBER,1721012467,0.05,7,17
logs_sample.jsonl,93,full_log_record,EMAIL_ADDRESS,sofia.bergqvist@example.com,1.0,878,905
logs_sample.jsonl,93,full_log_record,DATE_TIME,2025-06-07,0.95,1193,1203
logs_sample.jsonl,93,full_log_record,DATE_TIME,2025-06-13,0.95,1225,1235
logs_sample.jsonl,93,full_log_record,LOCATION,kb_search      ,0.85,603,618
logs_sample.jsonl,93,full_log_record,PERSON,Sofia Bergqvist,0.85,850,865
logs_sample.jsonl,93,full_log_record,LOCATION,Seattle,0.85,979,986
logs_sample.jsonl,93,full_log_record,LOCATION,WA,0.85,988,990
logs_sample.jsonl,93,full_log_record,DATE_TIME,2025-06-08,0.85,1051,1061
logs_sample.jsonl,93,full_log_record,PHONE_NUMBER,+1-206-555-0165,0.75,918,933
logs_sample.jsonl,93,full_log_record,URL,sofia.be,0.5,878,886
logs_sample.jsonl,93,full_log_record,URL,example.com,0.5,894,905
logs_sample.jsonl,93,full_log_record,PHONE_NUMBER,1721012604,0.4,7,17
logs_sample.jsonl,93,full_log_record,PHONE_NUMBER,1721012604,0.4,88,98
logs_sample.jsonl,93,full_log_record,US_BANK_NUMBER,1721012604,0.05,7,17
logs_sample.jsonl,94,full_log_record,PHONE_NUMBER,1721012741,0.4,7,17
logs_sample.jsonl,94,full_log_record,PHONE_NUMBER,1721012741,0.4,90,100
logs_sample.jsonl,94,full_log_record,US_BANK_NUMBER,1721012741,0.05,7,17
logs_sample.jsonl,95,full_log_record,EMAIL_ADDRESS,priya.raghunathan@example.org,1.0,280,309
logs_sample.jsonl,95,full_log_record,DATE_TIME,RF-2026-88094,0.85,385,398
logs_sample.jsonl,95,full_log_record,URL,example.org,0.5,298,309
logs_sample.jsonl,95,full_log_record,PHONE_NUMBER,1721012878,0.4,7,17
logs_sample.jsonl,95,full_log_record,PHONE_NUMBER,1721012878,0.4,88,98
logs_sample.jsonl,95,full_log_record,US_BANK_NUMBER,1721012878,0.05,7,17
logs_sample.jsonl,96,full_log_record,IP_ADDRESS,169.5.75.228,0.95,230,242
logs_sample.jsonl,96,full_log_record,DATE_TIME,1721013015,0.85,7,17
logs_sample.jsonl,96,full_log_record,PHONE_NUMBER,1721013015,0.4,7,17
logs_sample.jsonl,96,full_log_record,PHONE_NUMBER,1721013015,0.4,90,100
logs_sample.jsonl,96,full_log_record,PHONE_NUMBER,169.5.75.228,0.4,230,242
logs_sample.jsonl,96,full_log_record,US_BANK_NUMBER,1721013015,0.05,7,17
logs_sample.jsonl,97,full_log_record,EMAIL_ADDRESS,priya.raghunathan@example.org,1.0,176,205
logs_sample.jsonl,97,full_log_record,EMAIL_ADDRESS,priya.raghunathan@example.org,1.0,291,320
logs_sample.jsonl,97,full_log_record,LOCATION,Newton,0.85,392,398
logs_sample.jsonl,97,full_log_record,PHONE_NUMBER,+1-617-555-0192,0.75,333,348
logs_sample.jsonl,97,full_log_record,URL,example.org,0.5,194,205
logs_sample.jsonl,97,full_log_record,URL,example.org,0.5,309,320
logs_sample.jsonl,97,full_log_record,PHONE_NUMBER,1721013152,0.4,7,17
logs_sample.jsonl,97,full_log_record,PHONE_NUMBER,1721013152,0.4,88,98
logs_sample.jsonl,97,full_log_record,US_BANK_NUMBER,1721013152,0.05,7,17
logs_sample.jsonl,98,full_log_record,EMAIL_ADDRESS,marcus.webb@example.com,1.0,867,890
logs_sample.jsonl,98,full_log_record,DATE_TIME,2026-07-03,0.95,1182,1192
logs_sample.jsonl,98,full_log_record,DATE_TIME,2026-07-11,0.95,1214,1224
logs_sample.jsonl,98,full_log_record,DATE_TIME,1721013289,0.85,7,17
logs_sample.jsonl,98,full_log_record,LOCATION,kb_search      ,0.85,603,618
logs_sample.jsonl,98,full_log_record,PERSON,Marcus Webb,0.85,843,854
logs_sample.jsonl,98,full_log_record,DATE_TIME,1877,0.85,942,946
logs_sample.jsonl,98,full_log_record,LOCATION,Chicago,0.85,968,975
logs_sample.jsonl,98,full_log_record,DATE_TIME,8802,0.85,1013,1017
logs_sample.jsonl,98,full_log_record,DATE_TIME,2023-04-11,0.85,1040,1050
logs_sample.jsonl,98,full_log_record,DATE_TIME,2112,0.85,1374,1378
logs_sample.jsonl,98,full_log_record,PHONE_NUMBER,+1-312-555-0143,0.75,903,918
logs_sample.jsonl,98,full_log_record,URL,example.com,0.5,879,890
logs_sample.jsonl,98,full_log_record,PHONE_NUMBER,1721013289,0.4,7,17
logs_sample.jsonl,98,full_log_record,PHONE_NUMBER,1721013289,0.4,88,98
logs_sample.jsonl,98,full_log_record,US_BANK_NUMBER,1721013289,0.05,7,17
logs_sample.jsonl,99,full_log_record,DATE_TIME,30-day,0.85,173,179
logs_sample.jsonl,99,full_log_record,PHONE_NUMBER,1721013426,0.4,7,17
logs_sample.jsonl,99,full_log_record,PHONE_NUMBER,1721013426,0.4,90,100
logs_sample.jsonl,99,full_log_record,US_BANK_NUMBER,1721013426,0.05,7,17
logs_sample.jsonl,100,full_log_record,DATE_TIME,1721013563,0.85,7,17
logs_sample.jsonl,100,full_log_record,DATE_TIME,three weeks,0.85,193,204
logs_sample.jsonl,100,full_log_record,PHONE_NUMBER,1721013563,0.4,7,17
logs_sample.jsonl,100,full_log_record,PHONE_NUMBER,1721013563,0.4,88,98
logs_sample.jsonl,100,full_log_record,US_BANK_NUMBER,1721013563,0.05,7,17
logs_sample.jsonl,101,full_log_record,IP_ADDRESS,76.163.140.239,0.95,252,266
logs_sample.jsonl,101,full_log_record,DATE_TIME,three weeks,0.85,178,189
logs_sample.jsonl,101,full_log_record,PHONE_NUMBER,1721013700,0.4,7,17
logs_sample.jsonl,101,full_log_record,PHONE_NUMBER,1721013700,0.4,90,100
logs_sample.jsonl,101,full_log_record,US_BANK_NUMBER,1721013700,0.05,7,17
logs_sample.jsonl,102,full_log_record,EMAIL_ADDRESS,marcus.webb@example.com,1.0,176,199
logs_sample.jsonl,102,full_log_record,EMAIL_ADDRESS,marcus.webb@example.com,1.0,279,302
logs_sample.jsonl,102,full_log_record,PERSON,Marcus Webb,0.85,255,266
logs_sample.jsonl,102,full_log_record,DATE_TIME,1877,0.85,354,358
logs_sample.jsonl,102,full_log_record,LOCATION,Chicago,0.85,380,387
logs_sample.jsonl,102,full_log_record,DATE_TIME,8802,0.85,425,429
logs_sample.jsonl,102,full_log_record,PHONE_NUMBER,+1-312-555-0143,0.75,315,330
logs_sample.jsonl,102,full_log_record,URL,example.com,0.5,188,199
logs_sample.jsonl,102,full_log_record,URL,example.com,0.5,291,302
logs_sample.jsonl,102,full_log_record,PHONE_NUMBER,1721013837,0.4,7,17
logs_sample.jsonl,102,full_log_record,PHONE_NUMBER,1721013837,0.4,88,98
logs_sample.jsonl,102,full_log_record,US_BANK_NUMBER,1721013837,0.05,7,17
logs_sample.jsonl,103,full_log_record,EMAIL_ADDRESS,sofia.bergqvist@example.com,1.0,888,915
logs_sample.jsonl,103,full_log_record,DATE_TIME,2025-03-20,0.95,1203,1213
logs_sample.jsonl,103,full_log_record,DATE_TIME,2025-03-28,0.95,1235,1245
logs_sample.jsonl,103,full_log_record,LOCATION,kb_search      ,0.85,603,618
logs_sample.jsonl,103,full_log_record,PERSON,Sofia Bergqvist,0.85,860,875
logs_sample.jsonl,103,full_log_record,LOCATION,Seattle,0.85,989,996
logs_sample.jsonl,103,full_log_record,LOCATION,WA,0.85,998,1000
logs_sample.jsonl,103,full_log_record,DATE_TIME,2025-06-08,0.85,1061,1071
logs_sample.jsonl,103,full_log_record,LOCATION,Ridge Planter,0.85,1373,1386
logs_sample.jsonl,103,full_log_record,PHONE_NUMBER,+1-206-555-0165,0.75,928,943
logs_sample.jsonl,103,full_log_record,URL,sofia.be,0.5,888,896
logs_sample.jsonl,103,full_log_record,URL,example.com,0.5,904,915
logs_sample.jsonl,103,full_log_record,PHONE_NUMBER,1721013974,0.4,7,17
logs_sample.jsonl,103,full_log_record,PHONE_NUMBER,1721013974,0.4,88,98
logs_sample.jsonl,103,full_log_record,US_BANK_NUMBER,1721013974,0.05,7,17
logs_sample.jsonl,104,full_log_record,DATE_TIME,4 business hours,0.85,217,233
logs_sample.jsonl,104,full_log_record,PHONE_NUMBER,1721014111,0.4,7,17
logs_sample.jsonl,104,full_log_record,PHONE_NUMBER,1721014111,0.4,90,100
logs_sample.jsonl,104,full_log_record,US_BANK_NUMBER,1721014111,0.05,7,17
logs_sample.jsonl,105,full_log_record,EMAIL_ADDRESS,sofia.bergqvist@example.com,1.0,279,306
logs_sample.jsonl,105,full_log_record,DATE_TIME,9034,0.85,346,350
logs_sample.jsonl,105,full_log_record,DATE_TIME,RF-2026-88104,0.85,382,395
logs_sample.jsonl,105,full_log_record,URL,sofia.be,0.5,279,287
logs_sample.jsonl,105,full_log_record,URL,example.com,0.5,295,306
logs_sample.jsonl,105,full_log_record,PHONE_NUMBER,1721014248,0.4,7,17
logs_sample.jsonl,105,full_log_record,PHONE_NUMBER,1721014248,0.4,88,98
logs_sample.jsonl,105,full_log_record,US_BANK_NUMBER,1721014248,0.05,7,17
logs_sample.jsonl,106,full_log_record,IP_ADDRESS,202.7.71.12,0.95,210,221
logs_sample.jsonl,106,full_log_record,PERSON,Kessler,0.85,167,174
logs_sample.jsonl,106,full_log_record,PHONE_NUMBER,1721014385,0.4,7,17
logs_sample.jsonl,106,full_log_record,PHONE_NUMBER,1721014385,0.4,90,100
logs_sample.jsonl,106,full_log_record,US_BANK_NUMBER,1721014385,0.05,7,17
logs_sample.jsonl,107,full_log_record,EMAIL_ADDRESS,priya.raghunathan@example.org,1.0,176,205
logs_sample.jsonl,107,full_log_record,EMAIL_ADDRESS,priya.raghunathan@example.org,1.0,291,320
logs_sample.jsonl,107,full_log_record,LOCATION,Newton,0.85,392,398
logs_sample.jsonl,107,full_log_record,PHONE_NUMBER,+1-617-555-0192,0.75,333,348
logs_sample.jsonl,107,full_log_record,URL,example.org,0.5,194,205
logs_sample.jsonl,107,full_log_record,URL,example.org,0.5,309,320
logs_sample.jsonl,107,full_log_record,PHONE_NUMBER,1721014522,0.4,7,17
logs_sample.jsonl,107,full_log_record,PHONE_NUMBER,1721014522,0.4,88,98
logs_sample.jsonl,107,full_log_record,US_BANK_NUMBER,1721014522,0.05,7,17
logs_sample.jsonl,108,full_log_record,EMAIL_ADDRESS,tomas.delgado@example.org,1.0,871,896
logs_sample.jsonl,108,full_log_record,DATE_TIME,2022-07-27,0.95,1185,1195
logs_sample.jsonl,108,full_log_record,DATE_TIME,2022-07-28,0.95,1217,1227
logs_sample.jsonl,108,full_log_record,DATE_TIME,1721014659,0.85,7,17
logs_sample.jsonl,108,full_log_record,LOCATION,kb_search      ,0.85,603,618
logs_sample.jsonl,108,full_log_record,PERSON,Kessler,0.85,717,724
logs_sample.jsonl,108,full_log_record,PERSON,Delgado,0.85,851,858
logs_sample.jsonl,108,full_log_record,LOCATION,Miami,0.85,973,978
logs_sample.jsonl,108,full_log_record,LOCATION,FL,0.85,980,982
logs_sample.jsonl,108,full_log_record,DATE_TIME,2022-11-03,0.85,1043,1053
logs_sample.jsonl,108,full_log_record,PHONE_NUMBER,+1-786-555-0121,0.75,909,924
logs_sample.jsonl,108,full_log_record,URL,tomas.de,0.5,871,879
logs_sample.jsonl,108,full_log_record,URL,example.org,0.5,885,896
logs_sample.jsonl,108,full_log_record,PHONE_NUMBER,1721014659,0.4,7,17
logs_sample.jsonl,108,full_log_record,PHONE_NUMBER,1721014659,0.4,88,98
logs_sample.jsonl,108,full_log_record,US_BANK_NUMBER,1721014659,0.05,7,17
logs_sample.jsonl,109,full_log_record,PHONE_NUMBER,1721014796,0.4,7,17
logs_sample.jsonl,109,full_log_record,PHONE_NUMBER,1721014796,0.4,90,100
logs_sample.jsonl,109,full_log_record,US_BANK_NUMBER,1721014796,0.05,7,17
logs_sample.jsonl,110,full_log_record,PHONE_NUMBER,1721014933,0.4,7,17
logs_sample.jsonl,110,full_log_record,PHONE_NUMBER,1721014933,0.4,88,98
logs_sample.jsonl,110,full_log_record,US_BANK_NUMBER,1721014933,0.05,7,17
logs_sample.jsonl,111,full_log_record,IP_ADDRESS,177.136.228.219,0.95,213,228
logs_sample.jsonl,111,full_log_record,PHONE_NUMBER,1721015070,0.4,7,17
logs_sample.jsonl,111,full_log_record,PHONE_NUMBER,1721015070,0.4,90,100
logs_sample.jsonl,111,full_log_record,US_BANK_NUMBER,1721015070,0.05,7,17
logs_sample.jsonl,112,full_log_record,EMAIL_ADDRESS,priya.raghunathan@example.org,1.0,176,205
logs_sample.jsonl,112,full_log_record,EMAIL_ADDRESS,priya.raghunathan@example.org,1.0,291,320
logs_sample.jsonl,112,full_log_record,DATE_TIME,1721015207,0.85,7,17
logs_sample.jsonl,112,full_log_record,LOCATION,Newton,0.85,392,398
logs_sample.jsonl,112,full_log_record,PHONE_NUMBER,+1-617-555-0192,0.75,333,348
logs_sample.jsonl,112,full_log_record,URL,example.org,0.5,194,205
logs_sample.jsonl,112,full_log_record,URL,example.org,0.5,309,320
logs_sample.jsonl,112,full_log_record,PHONE_NUMBER,1721015207,0.4,7,17
logs_sample.jsonl,112,full_log_record,PHONE_NUMBER,1721015207,0.4,88,98
logs_sample.jsonl,112,full_log_record,US_BANK_NUMBER,1721015207,0.05,7,17
logs_sample.jsonl,113,full_log_record,EMAIL_ADDRESS,tomas.delgado@example.org,1.0,887,912
logs_sample.jsonl,113,full_log_record,DATE_TIME,2025-05-01,0.95,1201,1211
logs_sample.jsonl,113,full_log_record,DATE_TIME,2025-05-08,0.95,1233,1243
logs_sample.jsonl,113,full_log_record,DATE_TIME,1721015344,0.85,7,17
logs_sample.jsonl,113,full_log_record,LOCATION,kb_search      ,0.85,603,618
logs_sample.jsonl,113,full_log_record,DATE_TIME,ORD-2026-5010,0.85,746,759
logs_sample.jsonl,113,full_log_record,PERSON,Delgado,0.85,867,874
logs_sample.jsonl,113,full_log_record,LOCATION,Miami,0.85,989,994
logs_sample.jsonl,113,full_log_record,LOCATION,FL,0.85,996,998
logs_sample.jsonl,113,full_log_record,DATE_TIME,2022-11-03,0.85,1059,1069
logs_sample.jsonl,113,full_log_record,DATE_TIME,1456,0.85,1392,1396
logs_sample.jsonl,113,full_log_record,PHONE_NUMBER,+1-786-555-0121,0.75,925,940
logs_sample.jsonl,113,full_log_record,URL,tomas.de,0.5,887,895
logs_sample.jsonl,113,full_log_record,URL,example.org,0.5,901,912
logs_sample.jsonl,113,full_log_record,PHONE_NUMBER,1721015344,0.4,7,17
logs_sample.jsonl,113,full_log_record,PHONE_NUMBER,1721015344,0.4,88,98
logs_sample.jsonl,113,full_log_record,US_BANK_NUMBER,1721015344,0.05,7,17
logs_sample.jsonl,114,full_log_record,PHONE_NUMBER,1721015481,0.4,7,17
logs_sample.jsonl,114,full_log_record,PHONE_NUMBER,1721015481,0.4,90,100
logs_sample.jsonl,114,full_log_record,US_BANK_NUMBER,1721015481,0.05,7,17
logs_sample.jsonl,115,full_log_record,DATE_TIME,1721015618,0.85,7,17
logs_sample.jsonl,115,full_log_record,PHONE_NUMBER,1721015618,0.4,7,17
logs_sample.jsonl,115,full_log_record,PHONE_NUMBER,1721015618,0.4,88,98
logs_sample.jsonl,115,full_log_record,US_BANK_NUMBER,1721015618,0.05,7,17
logs_sample.jsonl,116,full_log_record,IP_ADDRESS,196.65.122.179,0.95,252,266
logs_sample.jsonl,116,full_log_record,DATE_TIME,1721015755,0.85,7,17
logs_sample.jsonl,116,full_log_record,DATE_TIME,three weeks,0.85,178,189
logs_sample.jsonl,116,full_log_record,PHONE_NUMBER,1721015755,0.4,7,17
logs_sample.jsonl,116,full_log_record,PHONE_NUMBER,1721015755,0.4,90,100
logs_sample.jsonl,116,full_log_record,US_BANK_NUMBER,1721015755,0.05,7,17
logs_sample.jsonl,117,full_log_record,EMAIL_ADDRESS,tomas.delgado@example.org,1.0,176,201
logs_sample.jsonl,117,full_log_record,EMAIL_ADDRESS,tomas.delgado@example.org,1.0,288,313
logs_sample.jsonl,117,full_log_record,DATE_TIME,1721015892,0.85,7,17
logs_sample.jsonl,117,full_log_record,PERSON,Delgado,0.85,268,275
logs_sample.jsonl,117,full_log_record,LOCATION,Miami,0.85,390,395
logs_sample.jsonl,117,full_log_record,LOCATION,FL,0.85,397,399
logs_sample.jsonl,117,full_log_record,PHONE_NUMBER,+1-786-555-0121,0.75,326,341
logs_sample.jsonl,117,full_log_record,URL,tomas.de,0.5,176,184
logs_sample.jsonl,117,full_log_record,URL,example.org,0.5,190,201
logs_sample.jsonl,117,full_log_record,URL,tomas.de,0.5,288,296
logs_sample.jsonl,117,full_log_record,URL,example.org,0.5,302,313
logs_sample.jsonl,117,full_log_record,PHONE_NUMBER,1721015892,0.4,7,17
logs_sample.jsonl,117,full_log_record,PHONE_NUMBER,1721015892,0.4,88,98
logs_sample.jsonl,117,full_log_record,US_BANK_NUMBER,1721015892,0.05,7,17
logs_sample.jsonl,118,full_log_record,EMAIL_ADDRESS,marcus.webb@example.com,1.0,870,893
logs_sample.jsonl,118,full_log_record,DATE_TIME,2025-01-16,0.95,1185,1195
logs_sample.jsonl,118,full_log_record,DATE_TIME,2025-01-21,0.95,1217,1227
logs_sample.jsonl,118,full_log_record,LOCATION,kb_search      ,0.85,603,618
logs_sample.jsonl,118,full_log_record,PERSON,Marcus Webb,0.85,846,857
logs_sample.jsonl,118,full_log_record,DATE_TIME,1877,0.85,945,949
logs_sample.jsonl,118,full_log_record,LOCATION,Chicago,0.85,971,978
logs_sample.jsonl,118,full_log_record,DATE_TIME,8802,0.85,1016,1020
logs_sample.jsonl,118,full_log_record,DATE_TIME,2023-04-11,0.85,1043,1053
logs_sample.jsonl,118,full_log_record,PHONE_NUMBER,+1-312-555-0143,0.75,906,921
logs_sample.jsonl,118,full_log_record,URL,example.com,0.5,882,893
logs_sample.jsonl,118,full_log_record,PHONE_NUMBER,1721016029,0.4,7,17
logs_sample.jsonl,118,full_log_record,PHONE_NUMBER,1721016029,0.4,88,98
logs_sample.jsonl,118,full_log_record,US_BANK_NUMBER,1721016029,0.05,7,17
logs_sample.jsonl,119,full_log_record,PHONE_NUMBER,1721016166,0.4,7,17
logs_sample.jsonl,119,full_log_record,PHONE_NUMBER,1721016166,0.4,90,100
logs_sample.jsonl,119,full_log_record,US_BANK_NUMBER,1721016166,0.05,7,17
logs_sample.jsonl,120,full_log_record,EMAIL_ADDRESS,tomas.delgado@example.org,1.0,282,307
logs_sample.jsonl,120,full_log_record,PERSON,Delgado,0.85,273,280
logs_sample.jsonl,120,full_log_record,DATE_TIME,RF-2026-88119,0.85,383,396
logs_sample.jsonl,120,full_log_record,URL,tomas.de,0.5,282,290
logs_sample.jsonl,120,full_log_record,URL,example.org,0.5,296,307
logs_sample.jsonl,120,full_log_record,PHONE_NUMBER,1721016303,0.4,7,17
logs_sample.jsonl,120,full_log_record,PHONE_NUMBER,1721016303,0.4,88,98
logs_sample.jsonl,120,full_log_record,US_BANK_NUMBER,1721016303,0.05,7,17
logs_sample.jsonl,121,full_log_record,IP_ADDRESS,162.244.39.37,0.95,226,239
logs_sample.jsonl,121,full_log_record,DATE_TIME,1721016440,0.85,7,17
logs_sample.jsonl,121,full_log_record,PERSON,sess_1721016440_9c6626,0.85,85,107
logs_sample.jsonl,121,full_log_record,DATE_TIME,ORD-2026-5010,0.85,196,209
logs_sample.jsonl,121,full_log_record,PHONE_NUMBER,1721016440,0.4,7,17
logs_sample.jsonl,121,full_log_record,PHONE_NUMBER,1721016440,0.4,90,100
logs_sample.jsonl,121,full_log_record,PHONE_NUMBER,162.244.39.37,0.4,226,239
logs_sample.jsonl,121,full_log_record,US_BANK_NUMBER,1721016440,0.05,7,17
logs_sample.jsonl,122,full_log_record,EMAIL_ADDRESS,daniel.okonkwo@example.net,1.0,176,202
logs_sample.jsonl,122,full_log_record,EMAIL_ADDRESS,daniel.okonkwo@example.net,1.0,285,311
logs_sample.jsonl,122,full_log_record,PERSON,Daniel Okonkwo,0.85,258,272
logs_sample.jsonl,122,full_log_record,DATE_TIME,4419,0.85,363,367
logs_sample.jsonl,122,full_log_record,LOCATION,Hawthorne Blvd,0.85,371,385
logs_sample.jsonl,122,full_log_record,LOCATION,Portland,0.85,387,395
logs_sample.jsonl,122,full_log_record,PHONE_NUMBER,+1-503-555-0178,0.75,324,339
logs_sample.jsonl,122,full_log_record,URL,example.net,0.5,191,202
logs_sample.jsonl,122,full_log_record,URL,example.net,0.5,300,311
logs_sample.jsonl,122,full_log_record,PHONE_NUMBER,1721016577,0.4,7,17
logs_sample.jsonl,122,full_log_record,PHONE_NUMBER,1721016577,0.4,88,98
logs_sample.jsonl,122,full_log_record,US_BANK_NUMBER,1721016577,0.05,7,17
logs_sample.jsonl,123,full_log_record,EMAIL_ADDRESS,priya.raghunathan@example.org,1.0,870,899
logs_sample.jsonl,123,full_log_record,DATE_TIME,2026-04-21,0.95,1185,1195
logs_sample.jsonl,123,full_log_record,DATE_TIME,2026-04-27,0.95,1217,1227
logs_sample.jsonl,123,full_log_record,LOCATION,kb_search      ,0.85,603,618
logs_sample.jsonl,123,full_log_record,PERSON,Kessler,0.85,717,724
logs_sample.jsonl,123,full_log_record,LOCATION,Newton,0.85,971,977
logs_sample.jsonl,123,full_log_record,DATE_TIME,2021-09-30,0.85,1042,1052
logs_sample.jsonl,123,full_log_record,PHONE_NUMBER,+1-617-555-0192,0.75,912,927
logs_sample.jsonl,123,full_log_record,URL,example.org,0.5,888,899
logs_sample.jsonl,123,full_log_record,PHONE_NUMBER,1721016714,0.4,7,17
logs_sample.jsonl,123,full_log_record,PHONE_NUMBER,1721016714,0.4,88,98
logs_sample.jsonl,123,full_log_record,US_BANK_NUMBER,1721016714,0.05,7,17
logs_sample.jsonl,124,full_log_record,PHONE_NUMBER,1721016851,0.4,7,17
logs_sample.jsonl,124,full_log_record,PHONE_NUMBER,1721016851,0.4,90,100
logs_sample.jsonl,124,full_log_record,US_BANK_NUMBER,1721016851,0.05,7,17
logs_sample.jsonl,125,full_log_record,EMAIL_ADDRESS,daniel.okonkwo@example.net,1.0,278,304
logs_sample.jsonl,125,full_log_record,DATE_TIME,1721016988,0.85,7,17
logs_sample.jsonl,125,full_log_record,PERSON,Daniel Okonkwo,0.85,262,276
logs_sample.jsonl,125,full_log_record,DATE_TIME,RF-2026-88124,0.85,380,393
logs_sample.jsonl,125,full_log_record,URL,example.net,0.5,293,304
logs_sample.jsonl,125,full_log_record,PHONE_NUMBER,1721016988,0.4,7,17
logs_sample.jsonl,125,full_log_record,PHONE_NUMBER,1721016988,0.4,88,98
logs_sample.jsonl,125,full_log_record,US_BANK_NUMBER,1721016988,0.05,7,17
logs_sample.jsonl,126,full_log_record,IP_ADDRESS,148.11.254.120,0.95,218,232
logs_sample.jsonl,126,full_log_record,DATE_TIME,1721017125,0.85,7,17
logs_sample.jsonl,126,full_log_record,PHONE_NUMBER,1721017125,0.4,7,17
logs_sample.jsonl,126,full_log_record,PHONE_NUMBER,1721017125,0.4,90,100
logs_sample.jsonl,126,full_log_record,US_BANK_NUMBER,1721017125,0.05,7,17
logs_sample.jsonl,127,full_log_record,EMAIL_ADDRESS,marcus.webb@example.com,1.0,176,199
logs_sample.jsonl,127,full_log_record,EMAIL_ADDRESS,marcus.webb@example.com,1.0,279,302
logs_sample.jsonl,127,full_log_record,PERSON,Marcus Webb,0.85,255,266
logs_sample.jsonl,127,full_log_record,DATE_TIME,1877,0.85,354,358
logs_sample.jsonl,127,full_log_record,LOCATION,Chicago,0.85,380,387
logs_sample.jsonl,127,full_log_record,DATE_TIME,8802,0.85,425,429
logs_sample.jsonl,127,full_log_record,PHONE_NUMBER,+1-312-555-0143,0.75,315,330
logs_sample.jsonl,127,full_log_record,URL,example.com,0.5,188,199
logs_sample.jsonl,127,full_log_record,URL,example.com,0.5,291,302
logs_sample.jsonl,127,full_log_record,PHONE_NUMBER,1721017262,0.4,7,17
logs_sample.jsonl,127,full_log_record,PHONE_NUMBER,1721017262,0.4,88,98
logs_sample.jsonl,127,full_log_record,US_BANK_NUMBER,1721017262,0.05,7,17
logs_sample.jsonl,128,full_log_record,EMAIL_ADDRESS,marcus.webb@example.com,1.0,880,903
logs_sample.jsonl,128,full_log_record,DATE_TIME,2024-07-27,0.95,1195,1205
logs_sample.jsonl,128,full_log_record,DATE_TIME,2024-07-28,0.95,1227,1237
logs_sample.jsonl,128,full_log_record,DATE_TIME,1721017399,0.85,7,17
logs_sample.jsonl,128,full_log_record,LOCATION,kb_search      ,0.85,603,618
logs_sample.jsonl,128,full_log_record,DATE_TIME,ORD-2026-5010,0.85,746,759
logs_sample.jsonl,128,full_log_record,PERSON,Marcus Webb,0.85,856,867
logs_sample.jsonl,128,full_log_record,DATE_TIME,1877,0.85,955,959
logs_sample.jsonl,128,full_log_record,LOCATION,Chicago,0.85,981,988
logs_sample.jsonl,128,full_log_record,DATE_TIME,8802,0.85,1026,1030
logs_sample.jsonl,128,full_log_record,DATE_TIME,2023-04-11,0.85,1053,1063
logs_sample.jsonl,128,full_log_record,DATE_TIME,2039,0.85,1385,1389
logs_sample.jsonl,128,full_log_record,PHONE_NUMBER,+1-312-555-0143,0.75,916,931
logs_sample.jsonl,128,full_log_record,URL,example.com,0.5,892,903
logs_sample.jsonl,128,full_log_record,PHONE_NUMBER,1721017399,0.4,7,17
logs_sample.jsonl,128,full_log_record,PHONE_NUMBER,1721017399,0.4,88,98
logs_sample.jsonl,128,full_log_record,US_BANK_NUMBER,1721017399,0.05,7,17
logs_sample.jsonl,129,full_log_record,PHONE_NUMBER,1721017536,0.4,7,17
logs_sample.jsonl,129,full_log_record,PHONE_NUMBER,1721017536,0.4,90,100
logs_sample.jsonl,129,full_log_record,US_BANK_NUMBER,1721017536,0.05,7,17
logs_sample.jsonl,130,full_log_record,EMAIL_ADDRESS,daniel.okonkwo@example.net,1.0,287,313
logs_sample.jsonl,130,full_log_record,PERSON,Daniel Okonkwo,0.85,271,285
logs_sample.jsonl,130,full_log_record,DATE_TIME,RF-2026-88129,0.85,389,402
logs_sample.jsonl,130,full_log_record,URL,example.net,0.5,302,313
logs_sample.jsonl,130,full_log_record,PHONE_NUMBER,1721017673,0.4,7,17
logs_sample.jsonl,130,full_log_record,PHONE_NUMBER,1721017673,0.4,88,98
logs_sample.jsonl,130,full_log_record,US_BANK_NUMBER,1721017673,0.05,7,17
logs_sample.jsonl,131,full_log_record,IP_ADDRESS,169.43.162.137,0.95,221,235
logs_sample.jsonl,131,full_log_record,DATE_TIME,last month,0.85,194,204
logs_sample.jsonl,131,full_log_record,PHONE_NUMBER,1721017810,0.4,7,17
logs_sample.jsonl,131,full_log_record,PHONE_NUMBER,1721017810,0.4,90,100
logs_sample.jsonl,131,full_log_record,PHONE_NUMBER,169.43.162.137,0.4,221,235
logs_sample.jsonl,131,full_log_record,US_BANK_NUMBER,1721017810,0.05,7,17
logs_sample.jsonl,132,full_log_record,EMAIL_ADDRESS,priya.raghunathan@example.org,1.0,176,205
logs_sample.jsonl,132,full_log_record,EMAIL_ADDRESS,priya.raghunathan@example.org,1.0,291,320
logs_sample.jsonl,132,full_log_record,LOCATION,Newton,0.85,392,398
logs_sample.jsonl,132,full_log_record,PHONE_NUMBER,+1-617-555-0192,0.75,333,348
logs_sample.jsonl,132,full_log_record,URL,example.org,0.5,194,205
logs_sample.jsonl,132,full_log_record,URL,example.org,0.5,309,320
logs_sample.jsonl,132,full_log_record,PHONE_NUMBER,1721017947,0.4,7,17
logs_sample.jsonl,132,full_log_record,PHONE_NUMBER,1721017947,0.4,88,98
logs_sample.jsonl,132,full_log_record,US_BANK_NUMBER,1721017947,0.05,7,17
logs_sample.jsonl,133,full_log_record,EMAIL_ADDRESS,priya.raghunathan@example.org,1.0,876,905
logs_sample.jsonl,133,full_log_record,DATE_TIME,2021-08-17,0.95,1191,1201
logs_sample.jsonl,133,full_log_record,DATE_TIME,2021-08-25,0.95,1223,1233
logs_sample.jsonl,133,full_log_record,LOCATION,kb_search      ,0.85,603,618
logs_sample.jsonl,133,full_log_record,LOCATION,Newton,0.85,977,983
logs_sample.jsonl,133,full_log_record,DATE_TIME,2021-09-30,0.85,1048,1058
logs_sample.jsonl,133,full_log_record,PHONE_NUMBER,+1-617-555-0192,0.75,918,933
logs_sample.jsonl,133,full_log_record,URL,example.org,0.5,894,905
logs_sample.jsonl,133,full_log_record,PHONE_NUMBER,1721018084,0.4,7,17
logs_sample.jsonl,133,full_log_record,PHONE_NUMBER,1721018084,0.4,88,98
logs_sample.jsonl,133,full_log_record,US_BANK_NUMBER,1721018084,0.05,7,17
logs_sample.jsonl,134,full_log_record,DATE_TIME,4 business hours,0.85,217,233
logs_sample.jsonl,134,full_log_record,PHONE_NUMBER,1721018221,0.4,7,17
logs_sample.jsonl,134,full_log_record,PHONE_NUMBER,1721018221,0.4,90,100
logs_sample.jsonl,134,full_log_record,US_BANK_NUMBER,1721018221,0.05,7,17
logs_sample.jsonl,135,full_log_record,PHONE_NUMBER,1721018358,0.4,7,17
logs_sample.jsonl,135,full_log_record,PHONE_NUMBER,1721018358,0.4,88,98
logs_sample.jsonl,135,full_log_record,US_BANK_NUMBER,1721018358,0.05,7,17
logs_sample.jsonl,136,full_log_record,IP_ADDRESS,73.40.133.176,0.95,210,223
logs_sample.jsonl,136,full_log_record,PERSON,Kessler,0.85,167,174
logs_sample.jsonl,136,full_log_record,PHONE_NUMBER,1721018495,0.4,7,17
logs_sample.jsonl,136,full_log_record,PHONE_NUMBER,1721018495,0.4,90,100
logs_sample.jsonl,136,full_log_record,PHONE_NUMBER,73.40.133.176,0.4,210,223
logs_sample.jsonl,136,full_log_record,US_BANK_NUMBER,1721018495,0.05,7,17
logs_sample.jsonl,137,full_log_record,EMAIL_ADDRESS,sofia.bergqvist@example.com,1.0,176,203
logs_sample.jsonl,137,full_log_record,EMAIL_ADDRESS,sofia.bergqvist@example.com,1.0,287,314
logs_sample.jsonl,137,full_log_record,DATE_TIME,1721018632,0.85,7,17
logs_sample.jsonl,137,full_log_record,PERSON,Sofia Bergqvist,0.85,259,274
logs_sample.jsonl,137,full_log_record,LOCATION,Seattle,0.85,388,395
logs_sample.jsonl,137,full_log_record,LOCATION,WA,0.85,397,399
logs_sample.jsonl,137,full_log_record,PHONE_NUMBER,+1-206-555-0165,0.75,327,342
logs_sample.jsonl,137,full_log_record,URL,sofia.be,0.5,176,184
logs_sample.jsonl,137,full_log_record,URL,example.com,0.5,192,203
logs_sample.jsonl,137,full_log_record,URL,sofia.be,0.5,287,295
logs_sample.jsonl,137,full_log_record,URL,example.com,0.5,303,314
logs_sample.jsonl,137,full_log_record,PHONE_NUMBER,1721018632,0.4,7,17
logs_sample.jsonl,137,full_log_record,PHONE_NUMBER,1721018632,0.4,88,98
logs_sample.jsonl,137,full_log_record,US_BANK_NUMBER,1721018632,0.05,7,17
logs_sample.jsonl,138,full_log_record,EMAIL_ADDRESS,sofia.bergqvist@example.com,1.0,878,905
logs_sample.jsonl,138,full_log_record,DATE_TIME,2026-07-25,0.95,1193,1203
logs_sample.jsonl,138,full_log_record,DATE_TIME,2026-07-30,0.95,1225,1235
logs_sample.jsonl,138,full_log_record,LOCATION,kb_search      ,0.85,603,618
logs_sample.jsonl,138,full_log_record,PERSON,Sofia Bergqvist,0.85,850,865
logs_sample.jsonl,138,full_log_record,LOCATION,Seattle,0.85,979,986
logs_sample.jsonl,138,full_log_record,LOCATION,WA,0.85,988,990
logs_sample.jsonl,138,full_log_record,DATE_TIME,2025-06-08,0.85,1051,1061
logs_sample.jsonl,138,full_log_record,PHONE_NUMBER,+1-206-555-0165,0.75,918,933
logs_sample.jsonl,138,full_log_record,URL,sofia.be,0.5,878,886
logs_sample.jsonl,138,full_log_record,URL,example.com,0.5,894,905
logs_sample.jsonl,138,full_log_record,PHONE_NUMBER,1721018769,0.4,7,17
logs_sample.jsonl,138,full_log_record,PHONE_NUMBER,1721018769,0.4,88,98
logs_sample.jsonl,138,full_log_record,US_BANK_NUMBER,1721018769,0.05,7,17
logs_sample.jsonl,139,full_log_record,DATE_TIME,30-day,0.85,173,179
logs_sample.jsonl,139,full_log_record,PHONE_NUMBER,1721018906,0.4,7,17
logs_sample.jsonl,139,full_log_record,PHONE_NUMBER,1721018906,0.4,90,100
logs_sample.jsonl,139,full_log_record,US_BANK_NUMBER,1721018906,0.05,7,17
logs_sample.jsonl,140,full_log_record,PERSON,sess_1721019043_5dbe75,0.85,83,105
logs_sample.jsonl,140,full_log_record,PHONE_NUMBER,1721019043,0.4,7,17
logs_sample.jsonl,140,full_log_record,PHONE_NUMBER,1721019043,0.4,88,98
logs_sample.jsonl,140,full_log_record,US_BANK_NUMBER,1721019043,0.05,7,17
logs_sample.jsonl,141,full_log_record,IP_ADDRESS,59.49.179.169,0.95,218,231
logs_sample.jsonl,141,full_log_record,DATE_TIME,1721019180,0.85,7,17
logs_sample.jsonl,141,full_log_record,PHONE_NUMBER,1721019180,0.4,7,17
logs_sample.jsonl,141,full_log_record,PHONE_NUMBER,1721019180,0.4,90,100
logs_sample.jsonl,141,full_log_record,US_BANK_NUMBER,1721019180,0.05,7,17
logs_sample.jsonl,142,full_log_record,EMAIL_ADDRESS,priya.raghunathan@example.org,1.0,176,205
logs_sample.jsonl,142,full_log_record,EMAIL_ADDRESS,priya.raghunathan@example.org,1.0,291,320
logs_sample.jsonl,142,full_log_record,LOCATION,Newton,0.85,392,398
logs_sample.jsonl,142,full_log_record,PHONE_NUMBER,+1-617-555-0192,0.75,333,348
logs_sample.jsonl,142,full_log_record,URL,example.org,0.5,194,205
logs_sample.jsonl,142,full_log_record,URL,example.org,0.5,309,320
logs_sample.jsonl,142,full_log_record,PHONE_NUMBER,1721019317,0.4,7,17
logs_sample.jsonl,142,full_log_record,PHONE_NUMBER,1721019317,0.4,88,98
logs_sample.jsonl,142,full_log_record,US_BANK_NUMBER,1721019317,0.05,7,17
logs_sample.jsonl,143,full_log_record,EMAIL_ADDRESS,priya.raghunathan@example.org,1.0,890,919
logs_sample.jsonl,143,full_log_record,DATE_TIME,2023-03-03,0.95,1205,1215
logs_sample.jsonl,143,full_log_record,DATE_TIME,2023-03-12,0.95,1237,1247
logs_sample.jsonl,143,full_log_record,DATE_TIME,1721019454,0.85,7,17
logs_sample.jsonl,143,full_log_record,LOCATION,kb_search      ,0.85,603,618
logs_sample.jsonl,143,full_log_record,LOCATION,Newton,0.85,991,997
logs_sample.jsonl,143,full_log_record,DATE_TIME,2021-09-30,0.85,1062,1072
logs_sample.jsonl,143,full_log_record,DATE_TIME,1376,0.85,1395,1399
logs_sample.jsonl,143,full_log_record,PHONE_NUMBER,+1-617-555-0192,0.75,932,947
logs_sample.jsonl,143,full_log_record,URL,example.org,0.5,908,919
logs_sample.jsonl,143,full_log_record,PHONE_NUMBER,1721019454,0.4,7,17
logs_sample.jsonl,143,full_log_record,PHONE_NUMBER,1721019454,0.4,88,98
logs_sample.jsonl,143,full_log_record,US_BANK_NUMBER,1721019454,0.05,7,17
logs_sample.jsonl,144,full_log_record,DATE_TIME,1721019591,0.85,7,17
logs_sample.jsonl,144,full_log_record,PHONE_NUMBER,1721019591,0.4,7,17
logs_sample.jsonl,144,full_log_record,PHONE_NUMBER,1721019591,0.4,90,100
logs_sample.jsonl,144,full_log_record,US_BANK_NUMBER,1721019591,0.05,7,17
logs_sample.jsonl,145,full_log_record,PHONE_NUMBER,1721019728,0.4,7,17
logs_sample.jsonl,145,full_log_record,PHONE_NUMBER,1721019728,0.4,88,98
logs_sample.jsonl,145,full_log_record,US_BANK_NUMBER,1721019728,0.05,7,17
logs_sample.jsonl,146,full_log_record,IP_ADDRESS,56.43.230.234,0.95,213,226
logs_sample.jsonl,146,full_log_record,PHONE_NUMBER,1721019865,0.4,7,17
logs_sample.jsonl,146,full_log_record,PHONE_NUMBER,1721019865,0.4,90,100
logs_sample.jsonl,146,full_log_record,PHONE_NUMBER,56.43.230.234,0.4,213,226
logs_sample.jsonl,146,full_log_record,US_BANK_NUMBER,1721019865,0.05,7,17
logs_sample.jsonl,147,full_log_record,EMAIL_ADDRESS,sofia.bergqvist@example.com,1.0,176,203
logs_sample.jsonl,147,full_log_record,EMAIL_ADDRESS,sofia.bergqvist@example.com,1.0,287,314
logs_sample.jsonl,147,full_log_record,DATE_TIME,1721020002,0.85,7,17
logs_sample.jsonl,147,full_log_record,PERSON,Sofia Bergqvist,0.85,259,274
logs_sample.jsonl,147,full_log_record,LOCATION,Seattle,0.85,388,395
logs_sample.jsonl,147,full_log_record,LOCATION,WA,0.85,397,399
logs_sample.jsonl,147,full_log_record,PHONE_NUMBER,+1-206-555-0165,0.75,327,342
logs_sample.jsonl,147,full_log_record,URL,sofia.be,0.5,176,184
logs_sample.jsonl,147,full_log_record,URL,example.com,0.5,192,203
logs_sample.jsonl,147,full_log_record,URL,sofia.be,0.5,287,295
logs_sample.jsonl,147,full_log_record,URL,example.com,0.5,303,314
logs_sample.jsonl,147,full_log_record,PHONE_NUMBER,1721020002,0.4,7,17
logs_sample.jsonl,147,full_log_record,PHONE_NUMBER,1721020002,0.4,88,98
logs_sample.jsonl,147,full_log_record,US_BANK_NUMBER,1721020002,0.05,7,17
logs_sample.jsonl,148,full_log_record,EMAIL_ADDRESS,priya.raghunathan@example.org,1.0,856,885
logs_sample.jsonl,148,full_log_record,DATE_TIME,2024-11-17,0.95,1171,1181
logs_sample.jsonl,148,full_log_record,DATE_TIME,2024-11-21,0.95,1203,1213
logs_sample.jsonl,148,full_log_record,LOCATION,kb_search      ,0.85,603,618
logs_sample.jsonl,148,full_log_record,LOCATION,Newton,0.85,957,963
logs_sample.jsonl,148,full_log_record,DATE_TIME,2021-09-30,0.85,1028,1038
logs_sample.jsonl,148,full_log_record,DATE_TIME,1990,0.85,1438,1442
logs_sample.jsonl,148,full_log_record,PHONE_NUMBER,+1-617-555-0192,0.75,898,913
logs_sample.jsonl,148,full_log_record,URL,example.org,0.5,874,885
logs_sample.jsonl,148,full_log_record,PHONE_NUMBER,1721020139,0.4,7,17
logs_sample.jsonl,148,full_log_record,PHONE_NUMBER,1721020139,0.4,88,98
logs_sample.jsonl,148,full_log_record,US_BANK_NUMBER,1721020139,0.05,7,17
logs_sample.jsonl,149,full_log_record,DATE_TIME,1721020276,0.85,7,17
logs_sample.jsonl,149,full_log_record,PHONE_NUMBER,1721020276,0.4,7,17
logs_sample.jsonl,149,full_log_record,PHONE_NUMBER,1721020276,0.4,90,100
logs_sample.jsonl,149,full_log_record,US_BANK_NUMBER,1721020276,0.05,7,17
logs_sample.jsonl,150,full_log_record,EMAIL_ADDRESS,tomas.delgado@example.org,1.0,287,312
logs_sample.jsonl,150,full_log_record,PERSON,Delgado,0.85,278,285
logs_sample.jsonl,150,full_log_record,DATE_TIME,RF-2026-88149,0.85,388,401
logs_sample.jsonl,150,full_log_record,URL,tomas.de,0.5,287,295
logs_sample.jsonl,150,full_log_record,URL,example.org,0.5,301,312
logs_sample.jsonl,150,full_log_record,PHONE_NUMBER,1721020413,0.4,7,17
logs_sample.jsonl,150,full_log_record,PHONE_NUMBER,1721020413,0.4,88,98
logs_sample.jsonl,150,full_log_record,US_BANK_NUMBER,1721020413,0.05,7,17
logs_sample.jsonl,151,full_log_record,IP_ADDRESS,166.31.251.107,0.95,220,234
logs_sample.jsonl,151,full_log_record,PHONE_NUMBER,1721020550,0.4,7,17
logs_sample.jsonl,151,full_log_record,PHONE_NUMBER,1721020550,0.4,90,100
logs_sample.jsonl,151,full_log_record,US_BANK_NUMBER,1721020550,0.05,7,17
logs_sample.jsonl,152,full_log_record,EMAIL_ADDRESS,priya.raghunathan@example.org,1.0,176,205
logs_sample.jsonl,152,full_log_record,EMAIL_ADDRESS,priya.raghunathan@example.org,1.0,291,320
logs_sample.jsonl,152,full_log_record,LOCATION,Newton,0.85,392,398
logs_sample.jsonl,152,full_log_record,PHONE_NUMBER,+1-617-555-0192,0.75,333,348
logs_sample.jsonl,152,full_log_record,URL,example.org,0.5,194,205
logs_sample.jsonl,152,full_log_record,URL,example.org,0.5,309,320
logs_sample.jsonl,152,full_log_record,PHONE_NUMBER,1721020687,0.4,7,17
logs_sample.jsonl,152,full_log_record,PHONE_NUMBER,1721020687,0.4,88,98
logs_sample.jsonl,152,full_log_record,US_BANK_NUMBER,1721020687,0.05,7,17
logs_sample.jsonl,153,full_log_record,EMAIL_ADDRESS,marcus.webb@example.com,1.0,864,887
logs_sample.jsonl,153,full_log_record,DATE_TIME,2023-08-10,0.95,1179,1189
logs_sample.jsonl,153,full_log_record,DATE_TIME,2023-08-14,0.95,1211,1221
logs_sample.jsonl,153,full_log_record,DATE_TIME,1721020824,0.85,7,17
logs_sample.jsonl,153,full_log_record,LOCATION,kb_search      ,0.85,603,618
logs_sample.jsonl,153,full_log_record,PERSON,Kessler,0.85,717,724
logs_sample.jsonl,153,full_log_record,PERSON,Marcus Webb,0.85,840,851
logs_sample.jsonl,153,full_log_record,DATE_TIME,1877,0.85,939,943
logs_sample.jsonl,153,full_log_record,LOCATION,Chicago,0.85,965,972
logs_sample.jsonl,153,full_log_record,DATE_TIME,8802,0.85,1010,1014
logs_sample.jsonl,153,full_log_record,DATE_TIME,2023-04-11,0.85,1037,1047
logs_sample.jsonl,153,full_log_record,PHONE_NUMBER,+1-312-555-0143,0.75,900,915
logs_sample.jsonl,153,full_log_record,URL,example.com,0.5,876,887
logs_sample.jsonl,153,full_log_record,PHONE_NUMBER,1721020824,0.4,7,17
logs_sample.jsonl,153,full_log_record,PHONE_NUMBER,1721020824,0.4,88,98
logs_sample.jsonl,153,full_log_record,US_BANK_NUMBER,1721020824,0.05,7,17
logs_sample.jsonl,154,full_log_record,DATE_TIME,30-day,0.85,173,179
logs_sample.jsonl,154,full_log_record,PHONE_NUMBER,1721020961,0.4,7,17
logs_sample.jsonl,154,full_log_record,PHONE_NUMBER,1721020961,0.4,90,100
logs_sample.jsonl,154,full_log_record,US_BANK_NUMBER,1721020961,0.05,7,17
logs_sample.jsonl,155,full_log_record,PHONE_NUMBER,1721021098,0.4,7,17
logs_sample.jsonl,155,full_log_record,PHONE_NUMBER,1721021098,0.4,88,98
logs_sample.jsonl,155,full_log_record,US_BANK_NUMBER,1721021098,0.05,7,17
logs_sample.jsonl,156,full_log_record,IP_ADDRESS,53.4.58.139,0.95,220,231
logs_sample.jsonl,156,full_log_record,PHONE_NUMBER,1721021235,0.4,7,17
logs_sample.jsonl,156,full_log_record,PHONE_NUMBER,1721021235,0.4,90,100
logs_sample.jsonl,156,full_log_record,US_BANK_NUMBER,1721021235,0.05,7,17
logs_sample.jsonl,157,full_log_record,EMAIL_ADDRESS,daniel.okonkwo@example.net,1.0,176,202
logs_sample.jsonl,157,full_log_record,EMAIL_ADDRESS,daniel.okonkwo@example.net,1.0,285,311
logs_sample.jsonl,157,full_log_record,DATE_TIME,1721021372,0.85,7,17
logs_sample.jsonl,157,full_log_record,PERSON,Daniel Okonkwo,0.85,258,272
logs_sample.jsonl,157,full_log_record,DATE_TIME,4419,0.85,363,367
logs_sample.jsonl,157,full_log_record,LOCATION,Hawthorne Blvd,0.85,371,385
logs_sample.jsonl,157,full_log_record,LOCATION,Portland,0.85,387,395
logs_sample.jsonl,157,full_log_record,PHONE_NUMBER,+1-503-555-0178,0.75,324,339
logs_sample.jsonl,157,full_log_record,URL,example.net,0.5,191,202
logs_sample.jsonl,157,full_log_record,URL,example.net,0.5,300,311
logs_sample.jsonl,157,full_log_record,PHONE_NUMBER,1721021372,0.4,7,17
logs_sample.jsonl,157,full_log_record,PHONE_NUMBER,1721021372,0.4,88,98
logs_sample.jsonl,157,full_log_record,US_BANK_NUMBER,1721021372,0.05,7,17
logs_sample.jsonl,158,full_log_record,EMAIL_ADDRESS,priya.raghunathan@example.org,1.0,890,919
logs_sample.jsonl,158,full_log_record,DATE_TIME,2025-04-04,0.95,1205,1215
logs_sample.jsonl,158,full_log_record,DATE_TIME,2025-04-09,0.95,1237,1247
logs_sample.jsonl,158,full_log_record,LOCATION,kb_search      ,0.85,603,618
logs_sample.jsonl,158,full_log_record,LOCATION,Newton,0.85,991,997
logs_sample.jsonl,158,full_log_record,DATE_TIME,2021-09-30,0.85,1062,1072
logs_sample.jsonl,158,full_log_record,PHONE_NUMBER,+1-617-555-0192,0.75,932,947
logs_sample.jsonl,158,full_log_record,URL,example.org,0.5,908,919
logs_sample.jsonl,158,full_log_record,PHONE_NUMBER,1721021509,0.4,7,17
logs_sample.jsonl,158,full_log_record,PHONE_NUMBER,1721021509,0.4,88,98
logs_sample.jsonl,158,full_log_record,US_BANK_NUMBER,1721021509,0.05,7,17
logs_sample.jsonl,159,full_log_record,DATE_TIME,1721021646,0.85,7,17
logs_sample.jsonl,159,full_log_record,PHONE_NUMBER,1721021646,0.4,7,17
logs_sample.jsonl,159,full_log_record,PHONE_NUMBER,1721021646,0.4,90,100
logs_sample.jsonl,159,full_log_record,US_BANK_NUMBER,1721021646,0.05,7,17
logs_sample.jsonl,160,full_log_record,EMAIL_ADDRESS,marcus.webb@example.com,1.0,274,297
logs_sample.jsonl,160,full_log_record,DATE_TIME,1721021783,0.85,7,17
logs_sample.jsonl,160,full_log_record,PERSON,Customer Marcus Webb,0.85,252,272
logs_sample.jsonl,160,full_log_record,DATE_TIME,8802,0.85,337,341
logs_sample.jsonl,160,full_log_record,DATE_TIME,RF-2026-88159,0.85,373,386
logs_sample.jsonl,160,full_log_record,URL,example.com,0.5,286,297
logs_sample.jsonl,160,full_log_record,PHONE_NUMBER,1721021783,0.4,7,17
logs_sample.jsonl,160,full_log_record,PHONE_NUMBER,1721021783,0.4,88,98
logs_sample.jsonl,160,full_log_record,US_BANK_NUMBER,1721021783,0.05,7,17
logs_sample.jsonl,161,full_log_record,IP_ADDRESS,52.69.50.131,0.95,220,232
logs_sample.jsonl,161,full_log_record,PHONE_NUMBER,1721021920,0.4,7,17
logs_sample.jsonl,161,full_log_record,PHONE_NUMBER,1721021920,0.4,90,100
logs_sample.jsonl,161,full_log_record,US_BANK_NUMBER,1721021920,0.05,7,17
logs_sample.jsonl,162,full_log_record,EMAIL_ADDRESS,marcus.webb@example.com,1.0,176,199
logs_sample.jsonl,162,full_log_record,EMAIL_ADDRESS,marcus.webb@example.com,1.0,279,302
logs_sample.jsonl,162,full_log_record,PERSON,Marcus Webb,0.85,255,266
logs_sample.jsonl,162,full_log_record,DATE_TIME,1877,0.85,354,358
logs_sample.jsonl,162,full_log_record,LOCATION,Chicago,0.85,380,387
logs_sample.jsonl,162,full_log_record,DATE_TIME,8802,0.85,425,429
logs_sample.jsonl,162,full_log_record,PHONE_NUMBER,+1-312-555-0143,0.75,315,330
logs_sample.jsonl,162,full_log_record,URL,example.com,0.5,188,199
logs_sample.jsonl,162,full_log_record,URL,example.com,0.5,291,302
logs_sample.jsonl,162,full_log_record,PHONE_NUMBER,1721022057,0.4,7,17
logs_sample.jsonl,162,full_log_record,PHONE_NUMBER,1721022057,0.4,88,98
logs_sample.jsonl,162,full_log_record,US_BANK_NUMBER,1721022057,0.05,7,17
logs_sample.jsonl,163,full_log_record,EMAIL_ADDRESS,sofia.bergqvist@example.com,1.0,878,905
logs_sample.jsonl,163,full_log_record,DATE_TIME,2025-03-20,0.95,1193,1203
logs_sample.jsonl,163,full_log_record,DATE_TIME,2025-03-28,0.95,1225,1235
logs_sample.jsonl,163,full_log_record,DATE_TIME,1721022194,0.85,7,17
logs_sample.jsonl,163,full_log_record,LOCATION,kb_search      ,0.85,603,618
logs_sample.jsonl,163,full_log_record,PERSON,Sofia Bergqvist,0.85,850,865
logs_sample.jsonl,163,full_log_record,LOCATION,Seattle,0.85,979,986
logs_sample.jsonl,163,full_log_record,LOCATION,WA,0.85,988,990
logs_sample.jsonl,163,full_log_record,DATE_TIME,2025-06-08,0.85,1051,1061
logs_sample.jsonl,163,full_log_record,LOCATION,Ridge Planter,0.85,1363,1376
logs_sample.jsonl,163,full_log_record,PHONE_NUMBER,+1-206-555-0165,0.75,918,933
logs_sample.jsonl,163,full_log_record,URL,sofia.be,0.5,878,886
logs_sample.jsonl,163,full_log_record,URL,example.com,0.5,894,905
logs_sample.jsonl,163,full_log_record,PHONE_NUMBER,1721022194,0.4,7,17
logs_sample.jsonl,163,full_log_record,PHONE_NUMBER,1721022194,0.4,88,98
logs_sample.jsonl,163,full_log_record,US_BANK_NUMBER,1721022194,0.05,7,17
logs_sample.jsonl,164,full_log_record,PHONE_NUMBER,1721022331,0.4,7,17
logs_sample.jsonl,164,full_log_record,PHONE_NUMBER,1721022331,0.4,90,100
logs_sample.jsonl,164,full_log_record,US_BANK_NUMBER,1721022331,0.05,7,17
logs_sample.jsonl,165,full_log_record,DATE_TIME,1721022468,0.85,7,17
logs_sample.jsonl,165,full_log_record,DATE_TIME,two weeks,0.85,204,213
logs_sample.jsonl,165,full_log_record,PHONE_NUMBER,1721022468,0.4,7,17
logs_sample.jsonl,165,full_log_record,PHONE_NUMBER,1721022468,0.4,88,98
logs_sample.jsonl,165,full_log_record,US_BANK_NUMBER,1721022468,0.05,7,17
logs_sample.jsonl,166,full_log_record,IP_ADDRESS,170.255.250.159,0.95,213,228
logs_sample.jsonl,166,full_log_record,PHONE_NUMBER,1721022605,0.4,7,17
logs_sample.jsonl,166,full_log_record,PHONE_NUMBER,1721022605,0.4,90,100
logs_sample.jsonl,166,full_log_record,US_BANK_NUMBER,1721022605,0.05,7,17
logs_sample.jsonl,167,full_log_record,EMAIL_ADDRESS,daniel.okonkwo@example.net,1.0,176,202
logs_sample.jsonl,167,full_log_record,EMAIL_ADDRESS,daniel.okonkwo@example.net,1.0,285,311
logs_sample.jsonl,167,full_log_record,PERSON,Daniel Okonkwo,0.85,258,272
logs_sample.jsonl,167,full_log_record,DATE_TIME,4419,0.85,363,367
logs_sample.jsonl,167,full_log_record,LOCATION,Hawthorne Blvd,0.85,371,385
logs_sample.jsonl,167,full_log_record,LOCATION,Portland,0.85,387,395
logs_sample.jsonl,167,full_log_record,PHONE_NUMBER,+1-503-555-0178,0.75,324,339
logs_sample.jsonl,167,full_log_record,URL,example.net,0.5,191,202
logs_sample.jsonl,167,full_log_record,URL,example.net,0.5,300,311
logs_sample.jsonl,167,full_log_record,PHONE_NUMBER,1721022742,0.4,7,17
logs_sample.jsonl,167,full_log_record,PHONE_NUMBER,1721022742,0.4,88,98
logs_sample.jsonl,167,full_log_record,US_BANK_NUMBER,1721022742,0.05,7,17
logs_sample.jsonl,168,full_log_record,EMAIL_ADDRESS,marcus.webb@example.com,1.0,884,907
logs_sample.jsonl,168,full_log_record,DATE_TIME,2026-07-19,0.95,1199,1209
logs_sample.jsonl,168,full_log_record,DATE_TIME,2026-07-25,0.95,1231,1241
logs_sample.jsonl,168,full_log_record,LOCATION,kb_search      ,0.85,603,618
logs_sample.jsonl,168,full_log_record,PERSON,Marcus Webb,0.85,860,871
logs_sample.jsonl,168,full_log_record,DATE_TIME,1877,0.85,959,963
logs_sample.jsonl,168,full_log_record,LOCATION,Chicago,0.85,985,992
logs_sample.jsonl,168,full_log_record,DATE_TIME,8802,0.85,1030,1034
logs_sample.jsonl,168,full_log_record,DATE_TIME,2023-04-11,0.85,1057,1067
logs_sample.jsonl,168,full_log_record,PHONE_NUMBER,+1-312-555-0143,0.75,920,935
logs_sample.jsonl,168,full_log_record,URL,example.com,0.5,896,907
logs_sample.jsonl,168,full_log_record,PHONE_NUMBER,1721022879,0.4,7,17
logs_sample.jsonl,168,full_log_record,PHONE_NUMBER,1721022879,0.4,88,98
logs_sample.jsonl,168,full_log_record,US_BANK_NUMBER,1721022879,0.05,7,17
logs_sample.jsonl,169,full_log_record,PHONE_NUMBER,1721023016,0.4,7,17
logs_sample.jsonl,169,full_log_record,PHONE_NUMBER,1721023016,0.4,90,100
logs_sample.jsonl,169,full_log_record,US_BANK_NUMBER,1721023016,0.05,7,17
logs_sample.jsonl,170,full_log_record,DATE_TIME,1721023153,0.85,7,17
logs_sample.jsonl,170,full_log_record,PHONE_NUMBER,1721023153,0.4,7,17
logs_sample.jsonl,170,full_log_record,PHONE_NUMBER,1721023153,0.4,88,98
logs_sample.jsonl,170,full_log_record,US_BANK_NUMBER,1721023153,0.05,7,17
logs_sample.jsonl,171,full_log_record,IP_ADDRESS,162.136.31.4,0.95,220,232
logs_sample.jsonl,171,full_log_record,PHONE_NUMBER,1721023290,0.4,7,17
logs_sample.jsonl,171,full_log_record,PHONE_NUMBER,1721023290,0.4,90,100
logs_sample.jsonl,171,full_log_record,PHONE_NUMBER,363079,0.4,101,107
logs_sample.jsonl,171,full_log_record,US_BANK_NUMBER,1721023290,0.05,7,17
logs_sample.jsonl,172,full_log_record,EMAIL_ADDRESS,priya.raghunathan@example.org,1.0,176,205
logs_sample.jsonl,172,full_log_record,EMAIL_ADDRESS,priya.raghunathan@example.org,1.0,291,320
logs_sample.jsonl,172,full_log_record,LOCATION,Newton,0.85,392,398
logs_sample.jsonl,172,full_log_record,PHONE_NUMBER,+1-617-555-0192,0.75,333,348
logs_sample.jsonl,172,full_log_record,URL,example.org,0.5,194,205
logs_sample.jsonl,172,full_log_record,URL,example.org,0.5,309,320
logs_sample.jsonl,172,full_log_record,PHONE_NUMBER,1721023427,0.4,7,17
logs_sample.jsonl,172,full_log_record,PHONE_NUMBER,1721023427,0.4,88,98
logs_sample.jsonl,172,full_log_record,US_BANK_NUMBER,1721023427,0.05,7,17
logs_sample.jsonl,173,full_log_record,EMAIL_ADDRESS,priya.raghunathan@example.org,1.0,890,919
logs_sample.jsonl,173,full_log_record,DATE_TIME,2024-02-20,0.95,1205,1215
logs_sample.jsonl,173,full_log_record,DATE_TIME,2024-02-24,0.95,1237,1247
logs_sample.jsonl,173,full_log_record,LOCATION,kb_search      ,0.85,603,618
logs_sample.jsonl,173,full_log_record,LOCATION,Newton,0.85,991,997
logs_sample.jsonl,173,full_log_record,DATE_TIME,2021-09-30,0.85,1062,1072
logs_sample.jsonl,173,full_log_record,PHONE_NUMBER,+1-617-555-0192,0.75,932,947
logs_sample.jsonl,173,full_log_record,URL,example.org,0.5,908,919
logs_sample.jsonl,173,full_log_record,PHONE_NUMBER,1721023564,0.4,7,17
logs_sample.jsonl,173,full_log_record,PHONE_NUMBER,1721023564,0.4,88,98
logs_sample.jsonl,173,full_log_record,US_BANK_NUMBER,1721023564,0.05,7,17
logs_sample.jsonl,174,full_log_record,PHONE_NUMBER,1721023701,0.4,7,17
logs_sample.jsonl,174,full_log_record,PHONE_NUMBER,1721023701,0.4,90,100
logs_sample.jsonl,174,full_log_record,US_BANK_NUMBER,1721023701,0.05,7,17
logs_sample.jsonl,175,full_log_record,PHONE_NUMBER,1721023838,0.4,7,17
logs_sample.jsonl,175,full_log_record,PHONE_NUMBER,1721023838,0.4,88,98
logs_sample.jsonl,175,full_log_record,US_BANK_NUMBER,1721023838,0.05,7,17
logs_sample.jsonl,176,full_log_record,IP_ADDRESS,71.98.190.7,0.95,252,263
logs_sample.jsonl,176,full_log_record,DATE_TIME,three weeks,0.85,178,189
logs_sample.jsonl,176,full_log_record,PHONE_NUMBER,1721023975,0.4,7,17
logs_sample.jsonl,176,full_log_record,PHONE_NUMBER,1721023975,0.4,90,100
logs_sample.jsonl,176,full_log_record,US_BANK_NUMBER,1721023975,0.05,7,17
logs_sample.jsonl,177,full_log_record,EMAIL_ADDRESS,sofia.bergqvist@example.com,1.0,176,203
logs_sample.jsonl,177,full_log_record,EMAIL_ADDRESS,sofia.bergqvist@example.com,1.0,287,314
logs_sample.jsonl,177,full_log_record,PERSON,Sofia Bergqvist,0.85,259,274
logs_sample.jsonl,177,full_log_record,LOCATION,Seattle,0.85,388,395
logs_sample.jsonl,177,full_log_record,LOCATION,WA,0.85,397,399
logs_sample.jsonl,177,full_log_record,PHONE_NUMBER,+1-206-555-0165,0.75,327,342
logs_sample.jsonl,177,full_log_record,URL,sofia.be,0.5,176,184
logs_sample.jsonl,177,full_log_record,URL,example.com,0.5,192,203
logs_sample.jsonl,177,full_log_record,URL,sofia.be,0.5,287,295
logs_sample.jsonl,177,full_log_record,URL,example.com,0.5,303,314
logs_sample.jsonl,177,full_log_record,PHONE_NUMBER,1721024112,0.4,7,17
logs_sample.jsonl,177,full_log_record,PHONE_NUMBER,1721024112,0.4,88,98
logs_sample.jsonl,177,full_log_record,US_BANK_NUMBER,1721024112,0.05,7,17
logs_sample.jsonl,178,full_log_record,EMAIL_ADDRESS,marcus.webb@example.com,1.0,851,874
logs_sample.jsonl,178,full_log_record,DATE_TIME,2025-01-16,0.95,1166,1176
logs_sample.jsonl,178,full_log_record,DATE_TIME,2025-01-21,0.95,1198,1208
logs_sample.jsonl,178,full_log_record,DATE_TIME,1721024249,0.85,7,17
logs_sample.jsonl,178,full_log_record,LOCATION,kb_search      ,0.85,604,619
logs_sample.jsonl,178,full_log_record,PERSON,Marcus Webb,0.85,827,838
logs_sample.jsonl,178,full_log_record,DATE_TIME,1877,0.85,926,930
logs_sample.jsonl,178,full_log_record,LOCATION,Chicago,0.85,952,959
logs_sample.jsonl,178,full_log_record,DATE_TIME,8802,0.85,997,1001
logs_sample.jsonl,178,full_log_record,DATE_TIME,2023-04-11,0.85,1024,1034
logs_sample.jsonl,178,full_log_record,PHONE_NUMBER,+1-312-555-0143,0.75,887,902
logs_sample.jsonl,178,full_log_record,URL,example.com,0.5,863,874
logs_sample.jsonl,178,full_log_record,PHONE_NUMBER,1721024249,0.4,7,17
logs_sample.jsonl,178,full_log_record,PHONE_NUMBER,1721024249,0.4,89,99
logs_sample.jsonl,178,full_log_record,US_BANK_NUMBER,1721024249,0.05,7,17
logs_sample.jsonl,179,full_log_record,DATE_TIME,1721024386,0.85,7,17
logs_sample.jsonl,179,full_log_record,PHONE_NUMBER,1721024386,0.4,7,17
logs_sample.jsonl,179,full_log_record,PHONE_NUMBER,1721024386,0.4,90,100
logs_sample.jsonl,179,full_log_record,US_BANK_NUMBER,1721024386,0.05,7,17
logs_sample.jsonl,180,full_log_record,PHONE_NUMBER,1721024523,0.4,7,17
logs_sample.jsonl,180,full_log_record,PHONE_NUMBER,1721024523,0.4,88,98
logs_sample.jsonl,180,full_log_record,US_BANK_NUMBER,1721024523,0.05,7,17
logs_sample.jsonl,181,full_log_record,IP_ADDRESS,71.69.11.28,0.95,220,231
logs_sample.jsonl,181,full_log_record,PHONE_NUMBER,1721024660,0.4,7,17
logs_sample.jsonl,181,full_log_record,PHONE_NUMBER,1721024660,0.4,90,100
logs_sample.jsonl,181,full_log_record,US_BANK_NUMBER,1721024660,0.05,7,17
logs_sample.jsonl,182,full_log_record,EMAIL_ADDRESS,daniel.okonkwo@example.net,1.0,176,202
logs_sample.jsonl,182,full_log_record,EMAIL_ADDRESS,daniel.okonkwo@example.net,1.0,285,311
logs_sample.jsonl,182,full_log_record,PERSON,Daniel Okonkwo,0.85,258,272
logs_sample.jsonl,182,full_log_record,DATE_TIME,4419,0.85,363,367
logs_sample.jsonl,182,full_log_record,LOCATION,Hawthorne Blvd,0.85,371,385
logs_sample.jsonl,182,full_log_record,LOCATION,Portland,0.85,387,395
logs_sample.jsonl,182,full_log_record,PHONE_NUMBER,+1-503-555-0178,0.75,324,339
logs_sample.jsonl,182,full_log_record,URL,example.net,0.5,191,202
logs_sample.jsonl,182,full_log_record,URL,example.net,0.5,300,311
logs_sample.jsonl,182,full_log_record,PHONE_NUMBER,1721024797,0.4,7,17
logs_sample.jsonl,182,full_log_record,PHONE_NUMBER,1721024797,0.4,88,98
logs_sample.jsonl,182,full_log_record,US_BANK_NUMBER,1721024797,0.05,7,17
logs_sample.jsonl,183,full_log_record,EMAIL_ADDRESS,sofia.bergqvist@example.com,1.0,874,901
logs_sample.jsonl,183,full_log_record,DATE_TIME,2026-07-25,0.95,1189,1199
logs_sample.jsonl,183,full_log_record,DATE_TIME,2026-07-30,0.95,1221,1231
logs_sample.jsonl,183,full_log_record,LOCATION,kb_search      ,0.85,603,618
logs_sample.jsonl,183,full_log_record,PERSON,Sofia Bergqvist,0.85,846,861
logs_sample.jsonl,183,full_log_record,LOCATION,Seattle,0.85,975,982
logs_sample.jsonl,183,full_log_record,LOCATION,WA,0.85,984,986
logs_sample.jsonl,183,full_log_record,DATE_TIME,2025-06-08,0.85,1047,1057
logs_sample.jsonl,183,full_log_record,DATE_TIME,1953,0.85,1380,1384
logs_sample.jsonl,183,full_log_record,PHONE_NUMBER,+1-206-555-0165,0.75,914,929
logs_sample.jsonl,183,full_log_record,URL,sofia.be,0.5,874,882
logs_sample.jsonl,183,full_log_record,URL,example.com,0.5,890,901
logs_sample.jsonl,183,full_log_record,PHONE_NUMBER,1721024934,0.4,7,17
logs_sample.jsonl,183,full_log_record,PHONE_NUMBER,1721024934,0.4,88,98
logs_sample.jsonl,183,full_log_record,US_BANK_NUMBER,1721024934,0.05,7,17
logs_sample.jsonl,184,full_log_record,DATE_TIME,4 business hours,0.85,217,233
logs_sample.jsonl,184,full_log_record,PHONE_NUMBER,1721025071,0.4,7,17
logs_sample.jsonl,184,full_log_record,PHONE_NUMBER,1721025071,0.4,90,100
logs_sample.jsonl,184,full_log_record,US_BANK_NUMBER,1721025071,0.05,7,17
logs_sample.jsonl,185,full_log_record,DATE_TIME,1721025208,0.85,7,17
logs_sample.jsonl,185,full_log_record,PHONE_NUMBER,1721025208,0.4,7,17
logs_sample.jsonl,185,full_log_record,PHONE_NUMBER,1721025208,0.4,88,98
logs_sample.jsonl,185,full_log_record,US_BANK_NUMBER,1721025208,0.05,7,17
logs_sample.jsonl,186,full_log_record,IP_ADDRESS,162.110.59.100,0.95,230,244
logs_sample.jsonl,186,full_log_record,PHONE_NUMBER,1721025345,0.4,7,17
logs_sample.jsonl,186,full_log_record,PHONE_NUMBER,1721025345,0.4,90,100
logs_sample.jsonl,186,full_log_record,US_BANK_NUMBER,1721025345,0.05,7,17
logs_sample.jsonl,187,full_log_record,EMAIL_ADDRESS,priya.raghunathan@example.org,1.0,176,205
logs_sample.jsonl,187,full_log_record,EMAIL_ADDRESS,priya.raghunathan@example.org,1.0,291,320
logs_sample.jsonl,187,full_log_record,DATE_TIME,1721025482,0.85,7,17
logs_sample.jsonl,187,full_log_record,LOCATION,Newton,0.85,392,398
logs_sample.jsonl,187,full_log_record,PHONE_NUMBER,+1-617-555-0192,0.75,333,348
logs_sample.jsonl,187,full_log_record,URL,example.org,0.5,194,205
logs_sample.jsonl,187,full_log_record,URL,example.org,0.5,309,320
logs_sample.jsonl,187,full_log_record,PHONE_NUMBER,1721025482,0.4,7,17
logs_sample.jsonl,187,full_log_record,PHONE_NUMBER,1721025482,0.4,88,98
logs_sample.jsonl,187,full_log_record,US_BANK_NUMBER,1721025482,0.05,7,17
logs_sample.jsonl,188,full_log_record,EMAIL_ADDRESS,marcus.webb@example.com,1.0,870,893
logs_sample.jsonl,188,full_log_record,DATE_TIME,2024-07-27,0.95,1185,1195
logs_sample.jsonl,188,full_log_record,DATE_TIME,2024-07-28,0.95,1217,1227
logs_sample.jsonl,188,full_log_record,LOCATION,kb_search      ,0.85,603,618
logs_sample.jsonl,188,full_log_record,PERSON,Marcus Webb,0.85,846,857
logs_sample.jsonl,188,full_log_record,DATE_TIME,1877,0.85,945,949
logs_sample.jsonl,188,full_log_record,LOCATION,Chicago,0.85,971,978
logs_sample.jsonl,188,full_log_record,DATE_TIME,8802,0.85,1016,1020
logs_sample.jsonl,188,full_log_record,DATE_TIME,2023-04-11,0.85,1043,1053
logs_sample.jsonl,188,full_log_record,DATE_TIME,1957,0.85,1375,1379
logs_sample.jsonl,188,full_log_record,PHONE_NUMBER,+1-312-555-0143,0.75,906,921
logs_sample.jsonl,188,full_log_record,URL,example.com,0.5,882,893
logs_sample.jsonl,188,full_log_record,PHONE_NUMBER,1721025619,0.4,7,17
logs_sample.jsonl,188,full_log_record,PHONE_NUMBER,1721025619,0.4,88,98
logs_sample.jsonl,188,full_log_record,US_BANK_NUMBER,1721025619,0.05,7,17
logs_sample.jsonl,189,full_log_record,PHONE_NUMBER,1721025756,0.4,7,17
logs_sample.jsonl,189,full_log_record,PHONE_NUMBER,1721025756,0.4,90,100
logs_sample.jsonl,189,full_log_record,US_BANK_NUMBER,1721025756,0.05,7,17
logs_sample.jsonl,190,full_log_record,EMAIL_ADDRESS,daniel.okonkwo@example.net,1.0,286,312
logs_sample.jsonl,190,full_log_record,DATE_TIME,1721025893,0.85,7,17
logs_sample.jsonl,190,full_log_record,PERSON,Daniel Okonkwo,0.85,270,284
logs_sample.jsonl,190,full_log_record,DATE_TIME,RF-2026-88189,0.85,388,401
logs_sample.jsonl,190,full_log_record,URL,example.net,0.5,301,312
logs_sample.jsonl,190,full_log_record,PHONE_NUMBER,1721025893,0.4,7,17
logs_sample.jsonl,190,full_log_record,PHONE_NUMBER,1721025893,0.4,88,98
logs_sample.jsonl,190,full_log_record,US_BANK_NUMBER,1721025893,0.05,7,17
logs_sample.jsonl,191,full_log_record,IP_ADDRESS,169.241.155.132,0.95,210,225
logs_sample.jsonl,191,full_log_record,PERSON,Kessler,0.85,167,174
logs_sample.jsonl,191,full_log_record,PHONE_NUMBER,1721026030,0.4,7,17
logs_sample.jsonl,191,full_log_record,PHONE_NUMBER,1721026030,0.4,90,100
logs_sample.jsonl,191,full_log_record,PHONE_NUMBER,169.241.155.132,0.4,210,225
logs_sample.jsonl,191,full_log_record,US_BANK_NUMBER,1721026030,0.05,7,17
logs_sample.jsonl,192,full_log_record,EMAIL_ADDRESS,priya.raghunathan@example.org,1.0,176,205
logs_sample.jsonl,192,full_log_record,EMAIL_ADDRESS,priya.raghunathan@example.org,1.0,291,320
logs_sample.jsonl,192,full_log_record,LOCATION,Newton,0.85,392,398
logs_sample.jsonl,192,full_log_record,PHONE_NUMBER,+1-617-555-0192,0.75,333,348
logs_sample.jsonl,192,full_log_record,URL,example.org,0.5,194,205
logs_sample.jsonl,192,full_log_record,URL,example.org,0.5,309,320
logs_sample.jsonl,192,full_log_record,PHONE_NUMBER,1721026167,0.4,7,17
logs_sample.jsonl,192,full_log_record,PHONE_NUMBER,1721026167,0.4,88,98
logs_sample.jsonl,192,full_log_record,US_BANK_NUMBER,1721026167,0.05,7,17
logs_sample.jsonl,193,full_log_record,EMAIL_ADDRESS,sofia.bergqvist@example.com,1.0,874,901
logs_sample.jsonl,193,full_log_record,DATE_TIME,2025-03-20,0.95,1189,1199
logs_sample.jsonl,193,full_log_record,DATE_TIME,2025-03-28,0.95,1221,1231
logs_sample.jsonl,193,full_log_record,LOCATION,kb_search      ,0.85,603,618
logs_sample.jsonl,193,full_log_record,PERSON,Sofia Bergqvist,0.85,846,861
logs_sample.jsonl,193,full_log_record,LOCATION,Seattle,0.85,975,982
logs_sample.jsonl,193,full_log_record,LOCATION,WA,0.85,984,986
logs_sample.jsonl,193,full_log_record,DATE_TIME,2025-06-08,0.85,1047,1057
logs_sample.jsonl,193,full_log_record,LOCATION,Ridge Planter,0.85,1359,1372
logs_sample.jsonl,193,full_log_record,PHONE_NUMBER,+1-206-555-0165,0.75,914,929
logs_sample.jsonl,193,full_log_record,URL,sofia.be,0.5,874,882
logs_sample.jsonl,193,full_log_record,URL,example.com,0.5,890,901
logs_sample.jsonl,193,full_log_record,PHONE_NUMBER,1721026304,0.4,7,17
logs_sample.jsonl,193,full_log_record,PHONE_NUMBER,1721026304,0.4,88,98
logs_sample.jsonl,193,full_log_record,US_BANK_NUMBER,1721026304,0.05,7,17
logs_sample.jsonl,194,full_log_record,PHONE_NUMBER,1721026441,0.4,7,17
logs_sample.jsonl,194,full_log_record,PHONE_NUMBER,1721026441,0.4,90,100
logs_sample.jsonl,194,full_log_record,US_BANK_NUMBER,1721026441,0.05,7,17
logs_sample.jsonl,195,full_log_record,DATE_TIME,three weeks,0.85,193,204
logs_sample.jsonl,195,full_log_record,PHONE_NUMBER,1721026578,0.4,7,17
logs_sample.jsonl,195,full_log_record,PHONE_NUMBER,1721026578,0.4,88,98
logs_sample.jsonl,195,full_log_record,US_BANK_NUMBER,1721026578,0.05,7,17
logs_sample.jsonl,196,full_log_record,IP_ADDRESS,198.50.163.247,0.95,216,230
logs_sample.jsonl,196,full_log_record,PHONE_NUMBER,1721026715,0.4,7,17
logs_sample.jsonl,196,full_log_record,PHONE_NUMBER,1721026715,0.4,90,100
logs_sample.jsonl,196,full_log_record,US_BANK_NUMBER,1721026715,0.05,7,17
logs_sample.jsonl,197,full_log_record,EMAIL_ADDRESS,marcus.webb@example.com,1.0,176,199
logs_sample.jsonl,197,full_log_record,EMAIL_ADDRESS,marcus.webb@example.com,1.0,279,302
logs_sample.jsonl,197,full_log_record,DATE_TIME,1721026852,0.85,7,17
logs_sample.jsonl,197,full_log_record,PERSON,Marcus Webb,0.85,255,266
logs_sample.jsonl,197,full_log_record,DATE_TIME,1877,0.85,354,358
logs_sample.jsonl,197,full_log_record,LOCATION,Chicago,0.85,380,387
logs_sample.jsonl,197,full_log_record,DATE_TIME,8802,0.85,425,429
logs_sample.jsonl,197,full_log_record,PHONE_NUMBER,+1-312-555-0143,0.75,315,330
logs_sample.jsonl,197,full_log_record,URL,example.com,0.5,188,199
logs_sample.jsonl,197,full_log_record,URL,example.com,0.5,291,302
logs_sample.jsonl,197,full_log_record,PHONE_NUMBER,1721026852,0.4,7,17
logs_sample.jsonl,197,full_log_record,PHONE_NUMBER,1721026852,0.4,88,98
logs_sample.jsonl,197,full_log_record,US_BANK_NUMBER,1721026852,0.05,7,17
logs_sample.jsonl,198,full_log_record,EMAIL_ADDRESS,marcus.webb@example.com,1.0,906,929
logs_sample.jsonl,198,full_log_record,DATE_TIME,2026-08-01,0.95,1221,1231
logs_sample.jsonl,198,full_log_record,DATE_TIME,1721026989,0.85,7,17
logs_sample.jsonl,198,full_log_record,LOCATION,kb_search      ,0.85,603,618
logs_sample.jsonl,198,full_log_record,DATE_TIME,three weeks,0.85,728,739
logs_sample.jsonl,198,full_log_record,PERSON,Marcus Webb,0.85,882,893
logs_sample.jsonl,198,full_log_record,DATE_TIME,1877,0.85,981,985
logs_sample.jsonl,198,full_log_record,LOCATION,Chicago,0.85,1007,1014
logs_sample.jsonl,198,full_log_record,DATE_TIME,8802,0.85,1052,1056
logs_sample.jsonl,198,full_log_record,DATE_TIME,2023-04-11,0.85,1079,1089
logs_sample.jsonl,198,full_log_record,PERSON,Marlowe,0.85,1302,1309
logs_sample.jsonl,198,full_log_record,PHONE_NUMBER,+1-312-555-0143,0.75,942,957
logs_sample.jsonl,198,full_log_record,URL,example.com,0.5,918,929
logs_sample.jsonl,198,full_log_record,PHONE_NUMBER,1721026989,0.4,7,17
logs_sample.jsonl,198,full_log_record,PHONE_NUMBER,1721026989,0.4,88,98
logs_sample.jsonl,198,full_log_record,US_BANK_NUMBER,1721026989,0.05,7,17
logs_sample.jsonl,199,full_log_record,DATE_TIME,4 business hours,0.85,217,233
logs_sample.jsonl,199,full_log_record,PHONE_NUMBER,1721027126,0.4,7,17
logs_sample.jsonl,199,full_log_record,PHONE_NUMBER,1721027126,0.4,90,100
logs_sample.jsonl,199,full_log_record,US_BANK_NUMBER,1721027126,0.05,7,17
logs_sample.jsonl,200,full_log_record,DATE_TIME,three weeks,0.85,193,204
logs_sample.jsonl,200,full_log_record,PHONE_NUMBER,1721027263,0.4,7,17
logs_sample.jsonl,200,full_log_record,PHONE_NUMBER,1721027263,0.4,88,98
logs_sample.jsonl,200,full_log_record,US_BANK_NUMBER,1721027263,0.05,7,17
logs_sample.jsonl,201,full_log_record,IP_ADDRESS,38.214.31.173,0.95,218,231
logs_sample.jsonl,201,full_log_record,PHONE_NUMBER,1721027400,0.4,7,17
logs_sample.jsonl,201,full_log_record,PHONE_NUMBER,1721027400,0.4,90,100
logs_sample.jsonl,201,full_log_record,PHONE_NUMBER,38.214.31.173,0.4,218,231
logs_sample.jsonl,201,full_log_record,US_BANK_NUMBER,1721027400,0.05,7,17
logs_sample.jsonl,202,full_log_record,EMAIL_ADDRESS,sofia.bergqvist@example.com,1.0,176,203
logs_sample.jsonl,202,full_log_record,EMAIL_ADDRESS,sofia.bergqvist@example.com,1.0,287,314
logs_sample.jsonl,202,full_log_record,DATE_TIME,1721027537,0.85,7,17
logs_sample.jsonl,202,full_log_record,PERSON,Sofia Bergqvist,0.85,259,274
logs_sample.jsonl,202,full_log_record,LOCATION,Seattle,0.85,388,395
logs_sample.jsonl,202,full_log_record,LOCATION,WA,0.85,397,399
logs_sample.jsonl,202,full_log_record,PHONE_NUMBER,+1-206-555-0165,0.75,327,342
logs_sample.jsonl,202,full_log_record,URL,sofia.be,0.5,176,184
logs_sample.jsonl,202,full_log_record,URL,example.com,0.5,192,203
logs_sample.jsonl,202,full_log_record,URL,sofia.be,0.5,287,295
logs_sample.jsonl,202,full_log_record,URL,example.com,0.5,303,314
logs_sample.jsonl,202,full_log_record,PHONE_NUMBER,1721027537,0.4,7,17
logs_sample.jsonl,202,full_log_record,PHONE_NUMBER,1721027537,0.4,88,98
logs_sample.jsonl,202,full_log_record,US_BANK_NUMBER,1721027537,0.05,7,17
logs_sample.jsonl,203,full_log_record,EMAIL_ADDRESS,sofia.bergqvist@example.com,1.0,888,915
logs_sample.jsonl,203,full_log_record,DATE_TIME,2026-07-25,0.95,1203,1213
logs_sample.jsonl,203,full_log_record,DATE_TIME,2026-07-30,0.95,1235,1245
logs_sample.jsonl,203,full_log_record,DATE_TIME,1721027674,0.85,7,17
logs_sample.jsonl,203,full_log_record,LOCATION,kb_search      ,0.85,603,618
logs_sample.jsonl,203,full_log_record,PERSON,Sofia Bergqvist,0.85,860,875
logs_sample.jsonl,203,full_log_record,LOCATION,Seattle,0.85,989,996
logs_sample.jsonl,203,full_log_record,LOCATION,WA,0.85,998,1000
logs_sample.jsonl,203,full_log_record,DATE_TIME,2025-06-08,0.85,1061,1071
logs_sample.jsonl,203,full_log_record,PHONE_NUMBER,+1-206-555-0165,0.75,928,943
logs_sample.jsonl,203,full_log_record,URL,sofia.be,0.5,888,896
logs_sample.jsonl,203,full_log_record,URL,example.com,0.5,904,915
logs_sample.jsonl,203,full_log_record,PHONE_NUMBER,1721027674,0.4,7,17
logs_sample.jsonl,203,full_log_record,PHONE_NUMBER,1721027674,0.4,88,98
logs_sample.jsonl,203,full_log_record,US_BANK_NUMBER,1721027674,0.05,7,17
logs_sample.jsonl,204,full_log_record,PHONE_NUMBER,1721027811,0.4,7,17
logs_sample.jsonl,204,full_log_record,PHONE_NUMBER,1721027811,0.4,90,100
logs_sample.jsonl,204,full_log_record,US_BANK_NUMBER,1721027811,0.05,7,17
logs_sample.jsonl,205,full_log_record,EMAIL_ADDRESS,daniel.okonkwo@example.net,1.0,282,308
logs_sample.jsonl,205,full_log_record,PERSON,Daniel Okonkwo,0.85,266,280
logs_sample.jsonl,205,full_log_record,URL,example.net,0.5,297,308
logs_sample.jsonl,205,full_log_record,PHONE_NUMBER,1721027948,0.4,7,17
logs_sample.jsonl,205,full_log_record,PHONE_NUMBER,1721027948,0.4,88,98
logs_sample.jsonl,205,full_log_record,US_BANK_NUMBER,1721027948,0.05,7,17
logs_sample.jsonl,206,full_log_record,IP_ADDRESS,154.187.86.191,0.95,221,235
logs_sample.jsonl,206,full_log_record,DATE_TIME,1721028085,0.85,7,17
logs_sample.jsonl,206,full_log_record,DATE_TIME,last month,0.85,194,204
logs_sample.jsonl,206,full_log_record,PHONE_NUMBER,1721028085,0.4,7,17
logs_sample.jsonl,206,full_log_record,PHONE_NUMBER,1721028085,0.4,90,100
logs_sample.jsonl,206,full_log_record,PHONE_NUMBER,154.187.86.191,0.4,221,235
logs_sample.jsonl,206,full_log_record,US_BANK_NUMBER,1721028085,0.05,7,17
logs_sample.jsonl,207,full_log_record,EMAIL_ADDRESS,marcus.webb@example.com,1.0,176,199
logs_sample.jsonl,207,full_log_record,EMAIL_ADDRESS,marcus.webb@example.com,1.0,279,302
logs_sample.jsonl,207,full_log_record,DATE_TIME,1721028222,0.85,7,17
logs_sample.jsonl,207,full_log_record,PERSON,Marcus Webb,0.85,255,266
logs_sample.jsonl,207,full_log_record,DATE_TIME,1877,0.85,354,358
logs_sample.jsonl,207,full_log_record,LOCATION,Chicago,0.85,380,387
logs_sample.jsonl,207,full_log_record,DATE_TIME,8802,0.85,425,429
logs_sample.jsonl,207,full_log_record,PHONE_NUMBER,+1-312-555-0143,0.75,315,330
logs_sample.jsonl,207,full_log_record,URL,example.com,0.5,188,199
logs_sample.jsonl,207,full_log_record,URL,example.com,0.5,291,302
logs_sample.jsonl,207,full_log_record,PHONE_NUMBER,1721028222,0.4,7,17
logs_sample.jsonl,207,full_log_record,PHONE_NUMBER,1721028222,0.4,88,98
logs_sample.jsonl,207,full_log_record,US_BANK_NUMBER,1721028222,0.05,7,17
logs_sample.jsonl,208,full_log_record,EMAIL_ADDRESS,daniel.okonkwo@example.net,1.0,872,898
logs_sample.jsonl,208,full_log_record,DATE_TIME,2026-06-27,0.95,1188,1198
logs_sample.jsonl,208,full_log_record,DATE_TIME,2026-07-02,0.95,1220,1230
logs_sample.jsonl,208,full_log_record,LOCATION,kb_search      ,0.85,603,618
logs_sample.jsonl,208,full_log_record,DATE_TIME,two weeks,0.85,739,748
logs_sample.jsonl,208,full_log_record,PERSON,Daniel Okonkwo,0.85,845,859
logs_sample.jsonl,208,full_log_record,DATE_TIME,4419,0.85,950,954
logs_sample.jsonl,208,full_log_record,LOCATION,Hawthorne Blvd,0.85,958,972
logs_sample.jsonl,208,full_log_record,LOCATION,Portland,0.85,974,982
logs_sample.jsonl,208,full_log_record,DATE_TIME,2024-01-22,0.85,1047,1057
logs_sample.jsonl,208,full_log_record,PHONE_NUMBER,+1-503-555-0178,0.75,911,926
logs_sample.jsonl,208,full_log_record,URL,example.net,0.5,887,898
logs_sample.jsonl,208,full_log_record,PHONE_NUMBER,1721028359,0.4,7,17
logs_sample.jsonl,208,full_log_record,PHONE_NUMBER,1721028359,0.4,88,98
logs_sample.jsonl,208,full_log_record,US_BANK_NUMBER,1721028359,0.05,7,17
logs_sample.jsonl,209,full_log_record,DATE_TIME,30-day,0.85,173,179
logs_sample.jsonl,209,full_log_record,PHONE_NUMBER,1721028496,0.4,7,17
logs_sample.jsonl,209,full_log_record,PHONE_NUMBER,1721028496,0.4,90,100
logs_sample.jsonl,209,full_log_record,US_BANK_NUMBER,1721028496,0.05,7,17
logs_sample.jsonl,210,full_log_record,PHONE_NUMBER,1721028633,0.4,7,17
logs_sample.jsonl,210,full_log_record,PHONE_NUMBER,1721028633,0.4,88,98
logs_sample.jsonl,210,full_log_record,US_BANK_NUMBER,1721028633,0.05,7,17
logs_sample.jsonl,211,full_log_record,IP_ADDRESS,185.142.160.19,0.95,213,227
logs_sample.jsonl,211,full_log_record,PHONE_NUMBER,1721028770,0.4,7,17
logs_sample.jsonl,211,full_log_record,PHONE_NUMBER,1721028770,0.4,90,100
logs_sample.jsonl,211,full_log_record,US_BANK_NUMBER,1721028770,0.05,7,17
logs_sample.jsonl,212,full_log_record,EMAIL_ADDRESS,sofia.bergqvist@example.com,1.0,176,203
logs_sample.jsonl,212,full_log_record,EMAIL_ADDRESS,sofia.bergqvist@example.com,1.0,287,314
logs_sample.jsonl,212,full_log_record,PERSON,Sofia Bergqvist,0.85,259,274
logs_sample.jsonl,212,full_log_record,LOCATION,Seattle,0.85,388,395
logs_sample.jsonl,212,full_log_record,LOCATION,WA,0.85,397,399
logs_sample.jsonl,212,full_log_record,PHONE_NUMBER,+1-206-555-0165,0.75,327,342
logs_sample.jsonl,212,full_log_record,URL,sofia.be,0.5,176,184
logs_sample.jsonl,212,full_log_record,URL,example.com,0.5,192,203
logs_sample.jsonl,212,full_log_record,URL,sofia.be,0.5,287,295
logs_sample.jsonl,212,full_log_record,URL,example.com,0.5,303,314
logs_sample.jsonl,212,full_log_record,PHONE_NUMBER,1721028907,0.4,7,17
logs_sample.jsonl,212,full_log_record,PHONE_NUMBER,1721028907,0.4,88,98
logs_sample.jsonl,212,full_log_record,US_BANK_NUMBER,1721028907,0.05,7,17
logs_sample.jsonl,213,full_log_record,EMAIL_ADDRESS,sofia.bergqvist@example.com,1.0,871,898
logs_sample.jsonl,213,full_log_record,DATE_TIME,2025-03-20,0.95,1186,1196
logs_sample.jsonl,213,full_log_record,DATE_TIME,2025-03-28,0.95,1218,1228
logs_sample.jsonl,213,full_log_record,LOCATION,kb_search      ,0.85,603,618
logs_sample.jsonl,213,full_log_record,PERSON,Sofia Bergqvist,0.85,843,858
logs_sample.jsonl,213,full_log_record,LOCATION,Seattle,0.85,972,979
logs_sample.jsonl,213,full_log_record,LOCATION,WA,0.85,981,983
logs_sample.jsonl,213,full_log_record,DATE_TIME,2025-06-08,0.85,1044,1054
logs_sample.jsonl,213,full_log_record,LOCATION,Ridge Planter,0.85,1356,1369
logs_sample.jsonl,213,full_log_record,PHONE_NUMBER,+1-206-555-0165,0.75,911,926
logs_sample.jsonl,213,full_log_record,URL,sofia.be,0.5,871,879
logs_sample.jsonl,213,full_log_record,URL,example.com,0.5,887,898
logs_sample.jsonl,213,full_log_record,PHONE_NUMBER,1721029044,0.4,7,17
logs_sample.jsonl,213,full_log_record,PHONE_NUMBER,1721029044,0.4,88,98
logs_sample.jsonl,213,full_log_record,US_BANK_NUMBER,1721029044,0.05,7,17
logs_sample.jsonl,214,full_log_record,DATE_TIME,1721029181,0.85,7,17
logs_sample.jsonl,214,full_log_record,PHONE_NUMBER,1721029181,0.4,7,17
logs_sample.jsonl,214,full_log_record,PHONE_NUMBER,1721029181,0.4,90,100
logs_sample.jsonl,214,full_log_record,US_BANK_NUMBER,1721029181,0.05,7,17
logs_sample.jsonl,215,full_log_record,PHONE_NUMBER,1721029318,0.4,7,17
logs_sample.jsonl,215,full_log_record,PHONE_NUMBER,1721029318,0.4,88,98
logs_sample.jsonl,215,full_log_record,US_BANK_NUMBER,1721029318,0.05,7,17
logs_sample.jsonl,216,full_log_record,IP_ADDRESS,199.99.200.80,0.95,221,234
logs_sample.jsonl,216,full_log_record,DATE_TIME,last month,0.85,194,204
logs_sample.jsonl,216,full_log_record,PHONE_NUMBER,1721029455,0.4,7,17
logs_sample.jsonl,216,full_log_record,PHONE_NUMBER,1721029455,0.4,90,100
logs_sample.jsonl,216,full_log_record,PHONE_NUMBER,199.99.200.80,0.4,221,234
logs_sample.jsonl,216,full_log_record,US_BANK_NUMBER,1721029455,0.05,7,17
logs_sample.jsonl,217,full_log_record,EMAIL_ADDRESS,priya.raghunathan@example.org,1.0,176,205
logs_sample.jsonl,217,full_log_record,EMAIL_ADDRESS,priya.raghunathan@example.org,1.0,291,320
logs_sample.jsonl,217,full_log_record,LOCATION,Newton,0.85,392,398
logs_sample.jsonl,217,full_log_record,PHONE_NUMBER,+1-617-555-0192,0.75,333,348
logs_sample.jsonl,217,full_log_record,URL,example.org,0.5,194,205
logs_sample.jsonl,217,full_log_record,URL,example.org,0.5,309,320
logs_sample.jsonl,217,full_log_record,PHONE_NUMBER,1721029592,0.4,7,17
logs_sample.jsonl,217,full_log_record,PHONE_NUMBER,1721029592,0.4,88,98
logs_sample.jsonl,217,full_log_record,US_BANK_NUMBER,1721029592,0.05,7,17
logs_sample.jsonl,218,full_log_record,EMAIL_ADDRESS,priya.raghunathan@example.org,1.0,912,941
logs_sample.jsonl,218,full_log_record,DATE_TIME,2021-01-19,0.95,1227,1237
logs_sample.jsonl,218,full_log_record,DATE_TIME,2021-01-22,0.95,1259,1269
logs_sample.jsonl,218,full_log_record,DATE_TIME,1721029729,0.85,7,17
logs_sample.jsonl,218,full_log_record,LOCATION,kb_search      ,0.85,603,618
logs_sample.jsonl,218,full_log_record,DATE_TIME,three weeks,0.85,728,739
logs_sample.jsonl,218,full_log_record,LOCATION,Newton,0.85,1013,1019
logs_sample.jsonl,218,full_log_record,DATE_TIME,2021-09-30,0.85,1084,1094
logs_sample.jsonl,218,full_log_record,PHONE_NUMBER,+1-617-555-0192,0.75,954,969
logs_sample.jsonl,218,full_log_record,URL,example.org,0.5,930,941
logs_sample.jsonl,218,full_log_record,PHONE_NUMBER,1721029729,0.4,7,17
logs_sample.jsonl,218,full_log_record,PHONE_NUMBER,1721029729,0.4,88,98
logs_sample.jsonl,218,full_log_record,US_BANK_NUMBER,1721029729,0.05,7,17
logs_sample.jsonl,219,full_log_record,PHONE_NUMBER,1721029866,0.4,7,17
logs_sample.jsonl,219,full_log_record,PHONE_NUMBER,1721029866,0.4,90,100
logs_sample.jsonl,219,full_log_record,US_BANK_NUMBER,1721029866,0.05,7,17
logs_sample.jsonl,220,full_log_record,PERSON,Kessler,0.85,182,189
logs_sample.jsonl,220,full_log_record,PHONE_NUMBER,1721030003,0.4,7,17
logs_sample.jsonl,220,full_log_record,PHONE_NUMBER,1721030003,0.4,88,98
logs_sample.jsonl,220,full_log_record,US_BANK_NUMBER,1721030003,0.05,7,17
logs_sample.jsonl,221,full_log_record,IP_ADDRESS,46.26.91.32,0.95,210,221
logs_sample.jsonl,221,full_log_record,PERSON,sess_1721030140_d2999c,0.85,85,107
logs_sample.jsonl,221,full_log_record,PERSON,Kessler,0.85,167,174
logs_sample.jsonl,221,full_log_record,PHONE_NUMBER,1721030140,0.4,7,17
logs_sample.jsonl,221,full_log_record,PHONE_NUMBER,1721030140,0.4,90,100
logs_sample.jsonl,221,full_log_record,US_BANK_NUMBER,1721030140,0.05,7,17
logs_sample.jsonl,222,full_log_record,EMAIL_ADDRESS,tomas.delgado@example.org,1.0,176,201
logs_sample.jsonl,222,full_log_record,EMAIL_ADDRESS,tomas.delgado@example.org,1.0,288,313
logs_sample.jsonl,222,full_log_record,PERSON,Delgado,0.85,268,275
logs_sample.jsonl,222,full_log_record,LOCATION,Miami,0.85,390,395
logs_sample.jsonl,222,full_log_record,LOCATION,FL,0.85,397,399
logs_sample.jsonl,222,full_log_record,PHONE_NUMBER,+1-786-555-0121,0.75,326,341
logs_sample.jsonl,222,full_log_record,URL,tomas.de,0.5,176,184
logs_sample.jsonl,222,full_log_record,URL,example.org,0.5,190,201
logs_sample.jsonl,222,full_log_record,URL,tomas.de,0.5,288,296
logs_sample.jsonl,222,full_log_record,URL,example.org,0.5,302,313
logs_sample.jsonl,222,full_log_record,PHONE_NUMBER,1721030277,0.4,7,17
logs_sample.jsonl,222,full_log_record,PHONE_NUMBER,1721030277,0.4,88,98
logs_sample.jsonl,222,full_log_record,US_BANK_NUMBER,1721030277,0.05,7,17
logs_sample.jsonl,223,full_log_record,EMAIL_ADDRESS,priya.raghunathan@example.org,1.0,890,919
logs_sample.jsonl,223,full_log_record,DATE_TIME,2025-01-25,0.95,1205,1215
logs_sample.jsonl,223,full_log_record,DATE_TIME,2025-01-28,0.95,1237,1247
logs_sample.jsonl,223,full_log_record,LOCATION,kb_search      ,0.85,603,618
logs_sample.jsonl,223,full_log_record,LOCATION,Newton,0.85,991,997
logs_sample.jsonl,223,full_log_record,DATE_TIME,2021-09-30,0.85,1062,1072
logs_sample.jsonl,223,full_log_record,DATE_TIME,2080,0.85,1400,1404
logs_sample.jsonl,223,full_log_record,PHONE_NUMBER,+1-617-555-0192,0.75,932,947
logs_sample.jsonl,223,full_log_record,URL,example.org,0.5,908,919
logs_sample.jsonl,223,full_log_record,PHONE_NUMBER,1721030414,0.4,7,17
logs_sample.jsonl,223,full_log_record,PHONE_NUMBER,1721030414,0.4,88,98
logs_sample.jsonl,223,full_log_record,US_BANK_NUMBER,1721030414,0.05,7,17
logs_sample.jsonl,224,full_log_record,PHONE_NUMBER,1721030551,0.4,7,17
logs_sample.jsonl,224,full_log_record,PHONE_NUMBER,1721030551,0.4,90,100
logs_sample.jsonl,224,full_log_record,US_BANK_NUMBER,1721030551,0.05,7,17
logs_sample.jsonl,225,full_log_record,DATE_TIME,1721030688,0.85,7,17
logs_sample.jsonl,225,full_log_record,PHONE_NUMBER,1721030688,0.4,7,17
logs_sample.jsonl,225,full_log_record,PHONE_NUMBER,1721030688,0.4,88,98
logs_sample.jsonl,225,full_log_record,US_BANK_NUMBER,1721030688,0.05,7,17
logs_sample.jsonl,226,full_log_record,IP_ADDRESS,84.230.245.49,0.95,210,223
logs_sample.jsonl,226,full_log_record,PERSON,Kessler,0.85,167,174
logs_sample.jsonl,226,full_log_record,PHONE_NUMBER,1721030825,0.4,7,17
logs_sample.jsonl,226,full_log_record,PHONE_NUMBER,1721030825,0.4,90,100
logs_sample.jsonl,226,full_log_record,PHONE_NUMBER,84.230.245.49,0.4,210,223
logs_sample.jsonl,226,full_log_record,US_BANK_NUMBER,1721030825,0.05,7,17
logs_sample.jsonl,227,full_log_record,EMAIL_ADDRESS,priya.raghunathan@example.org,1.0,176,205
logs_sample.jsonl,227,full_log_record,EMAIL_ADDRESS,priya.raghunathan@example.org,1.0,291,320
logs_sample.jsonl,227,full_log_record,DATE_TIME,1721030962,0.85,7,17
logs_sample.jsonl,227,full_log_record,LOCATION,Newton,0.85,392,398
logs_sample.jsonl,227,full_log_record,PHONE_NUMBER,+1-617-555-0192,0.75,333,348
logs_sample.jsonl,227,full_log_record,URL,example.org,0.5,194,205
logs_sample.jsonl,227,full_log_record,URL,example.org,0.5,309,320
logs_sample.jsonl,227,full_log_record,PHONE_NUMBER,1721030962,0.4,7,17
logs_sample.jsonl,227,full_log_record,PHONE_NUMBER,1721030962,0.4,88,98
logs_sample.jsonl,227,full_log_record,US_BANK_NUMBER,1721030962,0.05,7,17
logs_sample.jsonl,228,full_log_record,EMAIL_ADDRESS,sofia.bergqvist@example.com,1.0,888,915
logs_sample.jsonl,228,full_log_record,DATE_TIME,2025-06-07,0.95,1203,1213
logs_sample.jsonl,228,full_log_record,DATE_TIME,2025-06-13,0.95,1235,1245
logs_sample.jsonl,228,full_log_record,DATE_TIME,1721031099,0.85,7,17
logs_sample.jsonl,228,full_log_record,LOCATION,kb_search      ,0.85,603,618
logs_sample.jsonl,228,full_log_record,PERSON,Sofia Bergqvist,0.85,860,875
logs_sample.jsonl,228,full_log_record,LOCATION,Seattle,0.85,989,996
logs_sample.jsonl,228,full_log_record,LOCATION,WA,0.85,998,1000
logs_sample.jsonl,228,full_log_record,DATE_TIME,2025-06-08,0.85,1061,1071
logs_sample.jsonl,228,full_log_record,PHONE_NUMBER,+1-206-555-0165,0.75,928,943
logs_sample.jsonl,228,full_log_record,URL,sofia.be,0.5,888,896
logs_sample.jsonl,228,full_log_record,URL,example.com,0.5,904,915
logs_sample.jsonl,228,full_log_record,PHONE_NUMBER,1721031099,0.4,7,17
logs_sample.jsonl,228,full_log_record,PHONE_NUMBER,1721031099,0.4,88,98
logs_sample.jsonl,228,full_log_record,US_BANK_NUMBER,1721031099,0.05,7,17
logs_sample.jsonl,229,full_log_record,PHONE_NUMBER,1721031236,0.4,7,17
logs_sample.jsonl,229,full_log_record,PHONE_NUMBER,1721031236,0.4,90,100
logs_sample.jsonl,229,full_log_record,US_BANK_NUMBER,1721031236,0.05,7,17
logs_sample.jsonl,230,full_log_record,EMAIL_ADDRESS,daniel.okonkwo@example.net,1.0,283,309
logs_sample.jsonl,230,full_log_record,DATE_TIME,1721031373,0.85,7,17
logs_sample.jsonl,230,full_log_record,PERSON,Daniel Okonkwo,0.85,267,281
logs_sample.jsonl,230,full_log_record,URL,example.net,0.5,298,309
logs_sample.jsonl,230,full_log_record,PHONE_NUMBER,1721031373,0.4,7,17
logs_sample.jsonl,230,full_log_record,PHONE_NUMBER,1721031373,0.4,88,98
logs_sample.jsonl,230,full_log_record,US_BANK_NUMBER,1721031373,0.05,7,17
logs_sample.jsonl,231,full_log_record,IP_ADDRESS,172.108.14.250,0.95,216,230
logs_sample.jsonl,231,full_log_record,PHONE_NUMBER,1721031510,0.4,7,17
logs_sample.jsonl,231,full_log_record,PHONE_NUMBER,1721031510,0.4,90,100
logs_sample.jsonl,231,full_log_record,US_BANK_NUMBER,1721031510,0.05,7,17
logs_sample.jsonl,232,full_log_record,EMAIL_ADDRESS,tomas.delgado@example.org,1.0,176,201
logs_sample.jsonl,232,full_log_record,EMAIL_ADDRESS,tomas.delgado@example.org,1.0,288,313
logs_sample.jsonl,232,full_log_record,DATE_TIME,1721031647,0.85,7,17
logs_sample.jsonl,232,full_log_record,PERSON,Delgado,0.85,268,275
logs_sample.jsonl,232,full_log_record,LOCATION,Miami,0.85,390,395
logs_sample.jsonl,232,full_log_record,LOCATION,FL,0.85,397,399
logs_sample.jsonl,232,full_log_record,PHONE_NUMBER,+1-786-555-0121,0.75,326,341
logs_sample.jsonl,232,full_log_record,URL,tomas.de,0.5,176,184
logs_sample.jsonl,232,full_log_record,URL,example.org,0.5,190,201
logs_sample.jsonl,232,full_log_record,URL,tomas.de,0.5,288,296
logs_sample.jsonl,232,full_log_record,URL,example.org,0.5,302,313
logs_sample.jsonl,232,full_log_record,PHONE_NUMBER,1721031647,0.4,7,17
logs_sample.jsonl,232,full_log_record,PHONE_NUMBER,1721031647,0.4,88,98
logs_sample.jsonl,232,full_log_record,US_BANK_NUMBER,1721031647,0.05,7,17
logs_sample.jsonl,233,full_log_record,EMAIL_ADDRESS,tomas.delgado@example.org,1.0,913,938
logs_sample.jsonl,233,full_log_record,DATE_TIME,2024-07-11,0.95,1227,1237
logs_sample.jsonl,233,full_log_record,DATE_TIME,2024-07-18,0.95,1259,1269
logs_sample.jsonl,233,full_log_record,LOCATION,kb_search      ,0.85,603,618
logs_sample.jsonl,233,full_log_record,DATE_TIME,three weeks,0.85,728,739
logs_sample.jsonl,233,full_log_record,PERSON,Delgado,0.85,893,900
logs_sample.jsonl,233,full_log_record,LOCATION,Miami,0.85,1015,1020
logs_sample.jsonl,233,full_log_record,LOCATION,FL,0.85,1022,1024
logs_sample.jsonl,233,full_log_record,DATE_TIME,2022-11-03,0.85,1085,1095
logs_sample.jsonl,233,full_log_record,DATE_TIME,ORD-2025-1543,0.85,1177,1190
logs_sample.jsonl,233,full_log_record,PHONE_NUMBER,+1-786-555-0121,0.75,951,966
logs_sample.jsonl,233,full_log_record,URL,tomas.de,0.5,913,921
logs_sample.jsonl,233,full_log_record,URL,example.org,0.5,927,938
logs_sample.jsonl,233,full_log_record,PHONE_NUMBER,1721031784,0.4,7,17
logs_sample.jsonl,233,full_log_record,PHONE_NUMBER,1721031784,0.4,88,98
logs_sample.jsonl,233,full_log_record,US_BANK_NUMBER,1721031784,0.05,7,17
logs_sample.jsonl,234,full_log_record,DATE_TIME,30-day,0.85,173,179
logs_sample.jsonl,234,full_log_record,PHONE_NUMBER,1721031921,0.4,7,17
logs_sample.jsonl,234,full_log_record,PHONE_NUMBER,1721031921,0.4,90,100
logs_sample.jsonl,234,full_log_record,US_BANK_NUMBER,1721031921,0.05,7,17
logs_sample.jsonl,235,full_log_record,PHONE_NUMBER,1721032058,0.4,7,17
logs_sample.jsonl,235,full_log_record,PHONE_NUMBER,1721032058,0.4,88,98
logs_sample.jsonl,235,full_log_record,US_BANK_NUMBER,1721032058,0.05,7,17
logs_sample.jsonl,236,full_log_record,IP_ADDRESS,152.167.23.66,0.95,213,226
logs_sample.jsonl,236,full_log_record,PHONE_NUMBER,1721032195,0.4,7,17
logs_sample.jsonl,236,full_log_record,PHONE_NUMBER,1721032195,0.4,90,100
logs_sample.jsonl,236,full_log_record,PHONE_NUMBER,152.167.23.66,0.4,213,226
logs_sample.jsonl,236,full_log_record,US_BANK_NUMBER,1721032195,0.05,7,17
logs_sample.jsonl,237,full_log_record,EMAIL_ADDRESS,marcus.webb@example.com,1.0,176,199
logs_sample.jsonl,237,full_log_record,EMAIL_ADDRESS,marcus.webb@example.com,1.0,279,302
logs_sample.jsonl,237,full_log_record,DATE_TIME,1721032332,0.85,7,17
logs_sample.jsonl,237,full_log_record,PERSON,Marcus Webb,0.85,255,266
logs_sample.jsonl,237,full_log_record,DATE_TIME,1877,0.85,354,358
logs_sample.jsonl,237,full_log_record,LOCATION,Chicago,0.85,380,387
logs_sample.jsonl,237,full_log_record,DATE_TIME,8802,0.85,425,429
logs_sample.jsonl,237,full_log_record,PHONE_NUMBER,+1-312-555-0143,0.75,315,330
logs_sample.jsonl,237,full_log_record,URL,example.com,0.5,188,199
logs_sample.jsonl,237,full_log_record,URL,example.com,0.5,291,302
logs_sample.jsonl,237,full_log_record,PHONE_NUMBER,1721032332,0.4,7,17
logs_sample.jsonl,237,full_log_record,PHONE_NUMBER,1721032332,0.4,88,98
logs_sample.jsonl,237,full_log_record,US_BANK_NUMBER,1721032332,0.05,7,17
logs_sample.jsonl,238,full_log_record,EMAIL_ADDRESS,tomas.delgado@example.org,1.0,881,906
logs_sample.jsonl,238,full_log_record,DATE_TIME,2026-05-08,0.95,1195,1205
logs_sample.jsonl,238,full_log_record,DATE_TIME,2026-05-11,0.95,1227,1237
logs_sample.jsonl,238,full_log_record,DATE_TIME,1721032469,0.85,7,17
logs_sample.jsonl,238,full_log_record,LOCATION,kb_search      ,0.85,603,618
logs_sample.jsonl,238,full_log_record,PERSON,Delgado,0.85,861,868
logs_sample.jsonl,238,full_log_record,LOCATION,Miami,0.85,983,988
logs_sample.jsonl,238,full_log_record,LOCATION,FL,0.85,990,992
logs_sample.jsonl,238,full_log_record,DATE_TIME,2022-11-03,0.85,1053,1063
logs_sample.jsonl,238,full_log_record,DATE_TIME,2007,0.85,1386,1390
logs_sample.jsonl,238,full_log_record,PHONE_NUMBER,+1-786-555-0121,0.75,919,934
logs_sample.jsonl,238,full_log_record,URL,tomas.de,0.5,881,889
logs_sample.jsonl,238,full_log_record,URL,example.org,0.5,895,906
logs_sample.jsonl,238,full_log_record,PHONE_NUMBER,1721032469,0.4,7,17
logs_sample.jsonl,238,full_log_record,PHONE_NUMBER,1721032469,0.4,88,98
logs_sample.jsonl,238,full_log_record,US_BANK_NUMBER,1721032469,0.05,7,17
logs_sample.jsonl,239,full_log_record,DATE_TIME,1721032606,0.85,7,17
logs_sample.jsonl,239,full_log_record,DATE_TIME,4 business hours,0.85,217,233
logs_sample.jsonl,239,full_log_record,PHONE_NUMBER,1721032606,0.4,7,17
logs_sample.jsonl,239,full_log_record,PHONE_NUMBER,1721032606,0.4,90,100
logs_sample.jsonl,239,full_log_record,US_BANK_NUMBER,1721032606,0.05,7,17
logs_sample.jsonl,240,full_log_record,EMAIL_ADDRESS,priya.raghunathan@example.org,1.0,286,315
logs_sample.jsonl,240,full_log_record,DATE_TIME,RF-2026-88239,0.85,391,404
logs_sample.jsonl,240,full_log_record,URL,example.org,0.5,304,315
logs_sample.jsonl,240,full_log_record,PHONE_NUMBER,1721032743,0.4,7,17
logs_sample.jsonl,240,full_log_record,PHONE_NUMBER,1721032743,0.4,88,98
logs_sample.jsonl,240,full_log_record,US_BANK_NUMBER,1721032743,0.05,7,17
logs_sample.jsonl,241,full_log_record,IP_ADDRESS,76.174.145.200,0.95,230,244
logs_sample.jsonl,241,full_log_record,DATE_TIME,1721032880,0.85,7,17
logs_sample.jsonl,241,full_log_record,PHONE_NUMBER,1721032880,0.4,7,17
logs_sample.jsonl,241,full_log_record,PHONE_NUMBER,1721032880,0.4,90,100
logs_sample.jsonl,241,full_log_record,US_BANK_NUMBER,1721032880,0.05,7,17
logs_sample.jsonl,242,full_log_record,EMAIL_ADDRESS,priya.raghunathan@example.org,1.0,176,205
logs_sample.jsonl,242,full_log_record,EMAIL_ADDRESS,priya.raghunathan@example.org,1.0,291,320
logs_sample.jsonl,242,full_log_record,LOCATION,Newton,0.85,392,398
logs_sample.jsonl,242,full_log_record,PHONE_NUMBER,+1-617-555-0192,0.75,333,348
logs_sample.jsonl,242,full_log_record,URL,example.org,0.5,194,205
logs_sample.jsonl,242,full_log_record,URL,example.org,0.5,309,320
logs_sample.jsonl,242,full_log_record,PHONE_NUMBER,1721033017,0.4,7,17
logs_sample.jsonl,242,full_log_record,PHONE_NUMBER,1721033017,0.4,88,98
logs_sample.jsonl,242,full_log_record,US_BANK_NUMBER,1721033017,0.05,7,17
logs_sample.jsonl,243,full_log_record,EMAIL_ADDRESS,marcus.webb@example.com,1.0,864,887
logs_sample.jsonl,243,full_log_record,DATE_TIME,2025-05-18,0.95,1179,1189
logs_sample.jsonl,243,full_log_record,DATE_TIME,2025-05-26,0.95,1211,1221
logs_sample.jsonl,243,full_log_record,LOCATION,kb_search      ,0.85,603,618
logs_sample.jsonl,243,full_log_record,PERSON,Kessler,0.85,717,724
logs_sample.jsonl,243,full_log_record,PERSON,Marcus Webb,0.85,840,851
logs_sample.jsonl,243,full_log_record,DATE_TIME,1877,0.85,939,943
logs_sample.jsonl,243,full_log_record,LOCATION,Chicago,0.85,965,972
logs_sample.jsonl,243,full_log_record,DATE_TIME,8802,0.85,1010,1014
logs_sample.jsonl,243,full_log_record,DATE_TIME,2023-04-11,0.85,1037,1047
logs_sample.jsonl,243,full_log_record,PHONE_NUMBER,+1-312-555-0143,0.75,900,915
logs_sample.jsonl,243,full_log_record,URL,example.com,0.5,876,887
logs_sample.jsonl,243,full_log_record,PHONE_NUMBER,1721033154,0.4,7,17
logs_sample.jsonl,243,full_log_record,PHONE_NUMBER,1721033154,0.4,88,98
logs_sample.jsonl,243,full_log_record,US_BANK_NUMBER,1721033154,0.05,7,17
logs_sample.jsonl,244,full_log_record,PHONE_NUMBER,1721033291,0.4,7,17
logs_sample.jsonl,244,full_log_record,PHONE_NUMBER,1721033291,0.4,90,100
logs_sample.jsonl,244,full_log_record,US_BANK_NUMBER,1721033291,0.05,7,17
logs_sample.jsonl,245,full_log_record,EMAIL_ADDRESS,daniel.okonkwo@example.net,1.0,283,309
logs_sample.jsonl,245,full_log_record,DATE_TIME,1721033428,0.85,7,17
logs_sample.jsonl,245,full_log_record,PERSON,Daniel Okonkwo,0.85,267,281
logs_sample.jsonl,245,full_log_record,DATE_TIME,RF-2026-88244,0.85,385,398
logs_sample.jsonl,245,full_log_record,URL,example.net,0.5,298,309
logs_sample.jsonl,245,full_log_record,PHONE_NUMBER,1721033428,0.4,7,17
logs_sample.jsonl,245,full_log_record,PHONE_NUMBER,1721033428,0.4,88,98
logs_sample.jsonl,245,full_log_record,US_BANK_NUMBER,1721033428,0.05,7,17
logs_sample.jsonl,246,full_log_record,IP_ADDRESS,51.145.49.183,0.95,211,224
logs_sample.jsonl,246,full_log_record,PERSON,Kessler,0.85,168,175
logs_sample.jsonl,246,full_log_record,PHONE_NUMBER,1721033565,0.4,7,17
logs_sample.jsonl,246,full_log_record,PHONE_NUMBER,1721033565,0.4,91,101
logs_sample.jsonl,246,full_log_record,PHONE_NUMBER,51.145.49.183,0.4,211,224
logs_sample.jsonl,246,full_log_record,US_BANK_NUMBER,1721033565,0.05,7,17
logs_sample.jsonl,247,full_log_record,EMAIL_ADDRESS,tomas.delgado@example.org,1.0,176,201
logs_sample.jsonl,247,full_log_record,EMAIL_ADDRESS,tomas.delgado@example.org,1.0,288,313
logs_sample.jsonl,247,full_log_record,PERSON,Delgado,0.85,268,275
logs_sample.jsonl,247,full_log_record,LOCATION,Miami,0.85,390,395
logs_sample.jsonl,247,full_log_record,LOCATION,FL,0.85,397,399
logs_sample.jsonl,247,full_log_record,PHONE_NUMBER,+1-786-555-0121,0.75,326,341
logs_sample.jsonl,247,full_log_record,URL,tomas.de,0.5,176,184
logs_sample.jsonl,247,full_log_record,URL,example.org,0.5,190,201
logs_sample.jsonl,247,full_log_record,URL,tomas.de,0.5,288,296
logs_sample.jsonl,247,full_log_record,URL,example.org,0.5,302,313
logs_sample.jsonl,247,full_log_record,PHONE_NUMBER,1721033702,0.4,7,17
logs_sample.jsonl,247,full_log_record,PHONE_NUMBER,1721033702,0.4,88,98
logs_sample.jsonl,247,full_log_record,US_BANK_NUMBER,1721033702,0.05,7,17
logs_sample.jsonl,248,full_log_record,EMAIL_ADDRESS,daniel.okonkwo@example.net,1.0,867,893
logs_sample.jsonl,248,full_log_record,DATE_TIME,2024-07-27,0.95,1183,1193
logs_sample.jsonl,248,full_log_record,DATE_TIME,2024-07-28,0.95,1215,1225
logs_sample.jsonl,248,full_log_record,LOCATION,kb_search      ,0.85,603,618
logs_sample.jsonl,248,full_log_record,PERSON,Kessler,0.85,717,724
logs_sample.jsonl,248,full_log_record,PERSON,Daniel Okonkwo,0.85,840,854
logs_sample.jsonl,248,full_log_record,DATE_TIME,4419,0.85,945,949
logs_sample.jsonl,248,full_log_record,LOCATION,Hawthorne Blvd,0.85,953,967
logs_sample.jsonl,248,full_log_record,LOCATION,Portland,0.85,969,977
logs_sample.jsonl,248,full_log_record,DATE_TIME,2024-01-22,0.85,1042,1052
logs_sample.jsonl,248,full_log_record,DATE_TIME,2000,0.85,1448,1452
logs_sample.jsonl,248,full_log_record,PHONE_NUMBER,+1-503-555-0178,0.75,906,921
logs_sample.jsonl,248,full_log_record,URL,example.net,0.5,882,893
logs_sample.jsonl,248,full_log_record,PHONE_NUMBER,1721033839,0.4,7,17
logs_sample.jsonl,248,full_log_record,PHONE_NUMBER,1721033839,0.4,88,98
logs_sample.jsonl,248,full_log_record,US_BANK_NUMBER,1721033839,0.05,7,17
logs_sample.jsonl,249,full_log_record,DATE_TIME,1721033976,0.85,7,17
logs_sample.jsonl,249,full_log_record,PHONE_NUMBER,1721033976,0.4,7,17
logs_sample.jsonl,249,full_log_record,PHONE_NUMBER,1721033976,0.4,90,100
logs_sample.jsonl,249,full_log_record,US_BANK_NUMBER,1721033976,0.05,7,17
logs_sample.jsonl,250,full_log_record,DATE_TIME,1721034113,0.85,7,17
logs_sample.jsonl,250,full_log_record,PHONE_NUMBER,1721034113,0.4,7,17
logs_sample.jsonl,250,full_log_record,PHONE_NUMBER,1721034113,0.4,88,98
logs_sample.jsonl,250,full_log_record,US_BANK_NUMBER,1721034113,0.05,7,17
logs_sample.jsonl,251,full_log_record,IP_ADDRESS,51.68.48.182,0.95,230,242
logs_sample.jsonl,251,full_log_record,PHONE_NUMBER,1721034250,0.4,7,17
logs_sample.jsonl,251,full_log_record,PHONE_NUMBER,1721034250,0.4,90,100
logs_sample.jsonl,251,full_log_record,US_BANK_NUMBER,1721034250,0.05,7,17
logs_sample.jsonl,252,full_log_record,EMAIL_ADDRESS,priya.raghunathan@example.org,1.0,176,205
logs_sample.jsonl,252,full_log_record,EMAIL_ADDRESS,priya.raghunathan@example.org,1.0,291,320
logs_sample.jsonl,252,full_log_record,LOCATION,Newton,0.85,392,398
logs_sample.jsonl,252,full_log_record,PHONE_NUMBER,+1-617-555-0192,0.75,333,348
logs_sample.jsonl,252,full_log_record,URL,example.org,0.5,194,205
logs_sample.jsonl,252,full_log_record,URL,example.org,0.5,309,320
logs_sample.jsonl,252,full_log_record,PHONE_NUMBER,1721034387,0.4,7,17
logs_sample.jsonl,252,full_log_record,PHONE_NUMBER,1721034387,0.4,88,98
logs_sample.jsonl,252,full_log_record,US_BANK_NUMBER,1721034387,0.05,7,17
logs_sample.jsonl,253,full_log_record,EMAIL_ADDRESS,daniel.okonkwo@example.net,1.0,887,913
logs_sample.jsonl,253,full_log_record,DATE_TIME,2025-03-26,0.95,1203,1213
logs_sample.jsonl,253,full_log_record,DATE_TIME,2025-03-28,0.95,1235,1245
logs_sample.jsonl,253,full_log_record,DATE_TIME,1721034524,0.85,7,17
logs_sample.jsonl,253,full_log_record,LOCATION,kb_search      ,0.85,603,618
logs_sample.jsonl,253,full_log_record,PERSON,Daniel Okonkwo,0.85,860,874
logs_sample.jsonl,253,full_log_record,DATE_TIME,4419,0.85,965,969
logs_sample.jsonl,253,full_log_record,LOCATION,Hawthorne Blvd,0.85,973,987
logs_sample.jsonl,253,full_log_record,LOCATION,Portland,0.85,989,997
logs_sample.jsonl,253,full_log_record,DATE_TIME,2024-01-22,0.85,1062,1072
logs_sample.jsonl,253,full_log_record,PHONE_NUMBER,+1-503-555-0178,0.75,926,941
logs_sample.jsonl,253,full_log_record,URL,example.net,0.5,902,913
logs_sample.jsonl,253,full_log_record,PHONE_NUMBER,1721034524,0.4,7,17
logs_sample.jsonl,253,full_log_record,PHONE_NUMBER,1721034524,0.4,88,98
logs_sample.jsonl,253,full_log_record,US_BANK_NUMBER,1721034524,0.05,7,17
logs_sample.jsonl,254,full_log_record,DATE_TIME,1721034661,0.85,7,17
logs_sample.jsonl,254,full_log_record,PHONE_NUMBER,1721034661,0.4,7,17
logs_sample.jsonl,254,full_log_record,PHONE_NUMBER,1721034661,0.4,90,100
logs_sample.jsonl,254,full_log_record,US_BANK_NUMBER,1721034661,0.05,7,17
logs_sample.jsonl,255,full_log_record,PHONE_NUMBER,1721034798,0.4,7,17
logs_sample.jsonl,255,full_log_record,PHONE_NUMBER,1721034798,0.4,88,98
logs_sample.jsonl,255,full_log_record,US_BANK_NUMBER,1721034798,0.05,7,17
logs_sample.jsonl,256,full_log_record,IP_ADDRESS,48.247.4.179,0.95,213,225
logs_sample.jsonl,256,full_log_record,PHONE_NUMBER,1721034935,0.4,7,17
logs_sample.jsonl,256,full_log_record,PHONE_NUMBER,1721034935,0.4,90,100
logs_sample.jsonl,256,full_log_record,US_BANK_NUMBER,1721034935,0.05,7,17
logs_sample.jsonl,257,full_log_record,EMAIL_ADDRESS,tomas.delgado@example.org,1.0,176,201
logs_sample.jsonl,257,full_log_record,EMAIL_ADDRESS,tomas.delgado@example.org,1.0,288,313
logs_sample.jsonl,257,full_log_record,PERSON,Delgado,0.85,268,275
logs_sample.jsonl,257,full_log_record,LOCATION,Miami,0.85,390,395
logs_sample.jsonl,257,full_log_record,LOCATION,FL,0.85,397,399
logs_sample.jsonl,257,full_log_record,PHONE_NUMBER,+1-786-555-0121,0.75,326,341
logs_sample.jsonl,257,full_log_record,URL,tomas.de,0.5,176,184
logs_sample.jsonl,257,full_log_record,URL,example.org,0.5,190,201
logs_sample.jsonl,257,full_log_record,URL,tomas.de,0.5,288,296
logs_sample.jsonl,257,full_log_record,URL,example.org,0.5,302,313
logs_sample.jsonl,257,full_log_record,PHONE_NUMBER,1721035072,0.4,7,17
logs_sample.jsonl,257,full_log_record,PHONE_NUMBER,1721035072,0.4,88,98
logs_sample.jsonl,257,full_log_record,US_BANK_NUMBER,1721035072,0.05,7,17
logs_sample.jsonl,258,full_log_record,EMAIL_ADDRESS,priya.raghunathan@example.org,1.0,870,899
logs_sample.jsonl,258,full_log_record,DATE_TIME,2025-08-06,0.95,1185,1195
logs_sample.jsonl,258,full_log_record,DATE_TIME,2025-08-13,0.95,1217,1227
logs_sample.jsonl,258,full_log_record,LOCATION,kb_search      ,0.85,603,618
logs_sample.jsonl,258,full_log_record,PERSON,Kessler,0.85,717,724
logs_sample.jsonl,258,full_log_record,LOCATION,Newton,0.85,971,977
logs_sample.jsonl,258,full_log_record,DATE_TIME,2021-09-30,0.85,1042,1052
logs_sample.jsonl,258,full_log_record,PHONE_NUMBER,+1-617-555-0192,0.75,912,927
logs_sample.jsonl,258,full_log_record,URL,example.org,0.5,888,899
logs_sample.jsonl,258,full_log_record,PHONE_NUMBER,1721035209,0.4,7,17
logs_sample.jsonl,258,full_log_record,PHONE_NUMBER,1721035209,0.4,88,98
logs_sample.jsonl,258,full_log_record,US_BANK_NUMBER,1721035209,0.05,7,17
logs_sample.jsonl,259,full_log_record,PHONE_NUMBER,1721035346,0.4,7,17
logs_sample.jsonl,259,full_log_record,PHONE_NUMBER,1721035346,0.4,90,100
logs_sample.jsonl,259,full_log_record,US_BANK_NUMBER,1721035346,0.05,7,17
logs_sample.jsonl,260,full_log_record,PHONE_NUMBER,1721035483,0.4,7,17
logs_sample.jsonl,260,full_log_record,PHONE_NUMBER,1721035483,0.4,88,98
logs_sample.jsonl,260,full_log_record,US_BANK_NUMBER,1721035483,0.05,7,17
logs_sample.jsonl,261,full_log_record,IP_ADDRESS,55.54.121.94,0.95,213,225
logs_sample.jsonl,261,full_log_record,PHONE_NUMBER,1721035620,0.4,7,17
logs_sample.jsonl,261,full_log_record,PHONE_NUMBER,1721035620,0.4,90,100
logs_sample.jsonl,261,full_log_record,US_BANK_NUMBER,1721035620,0.05,7,17
logs_sample.jsonl,262,full_log_record,EMAIL_ADDRESS,daniel.okonkwo@example.net,1.0,176,202
logs_sample.jsonl,262,full_log_record,EMAIL_ADDRESS,daniel.okonkwo@example.net,1.0,285,311
logs_sample.jsonl,262,full_log_record,PERSON,Daniel Okonkwo,0.85,258,272
logs_sample.jsonl,262,full_log_record,DATE_TIME,4419,0.85,363,367
logs_sample.jsonl,262,full_log_record,LOCATION,Hawthorne Blvd,0.85,371,385
logs_sample.jsonl,262,full_log_record,LOCATION,Portland,0.85,387,395
logs_sample.jsonl,262,full_log_record,PHONE_NUMBER,+1-503-555-0178,0.75,324,339
logs_sample.jsonl,262,full_log_record,URL,example.net,0.5,191,202
logs_sample.jsonl,262,full_log_record,URL,example.net,0.5,300,311
logs_sample.jsonl,262,full_log_record,PHONE_NUMBER,1721035757,0.4,7,17
logs_sample.jsonl,262,full_log_record,PHONE_NUMBER,1721035757,0.4,88,98
logs_sample.jsonl,262,full_log_record,US_BANK_NUMBER,1721035757,0.05,7,17
logs_sample.jsonl,263,full_log_record,EMAIL_ADDRESS,priya.raghunathan@example.org,1.0,912,941
logs_sample.jsonl,263,full_log_record,DATE_TIME,2024-02-20,0.95,1227,1237
logs_sample.jsonl,263,full_log_record,DATE_TIME,2024-02-24,0.95,1259,1269
logs_sample.jsonl,263,full_log_record,LOCATION,kb_search      ,0.85,603,618
logs_sample.jsonl,263,full_log_record,DATE_TIME,three weeks,0.85,728,739
logs_sample.jsonl,263,full_log_record,LOCATION,Newton,0.85,1013,1019
logs_sample.jsonl,263,full_log_record,DATE_TIME,2021-09-30,0.85,1084,1094
logs_sample.jsonl,263,full_log_record,DATE_TIME,2031,0.85,1418,1422
logs_sample.jsonl,263,full_log_record,PHONE_NUMBER,+1-617-555-0192,0.75,954,969
logs_sample.jsonl,263,full_log_record,URL,example.org,0.5,930,941
logs_sample.jsonl,263,full_log_record,PHONE_NUMBER,1721035894,0.4,7,17
logs_sample.jsonl,263,full_log_record,PHONE_NUMBER,1721035894,0.4,88,98
logs_sample.jsonl,263,full_log_record,US_BANK_NUMBER,1721035894,0.05,7,17
logs_sample.jsonl,264,full_log_record,PHONE_NUMBER,1721036031,0.4,7,17
logs_sample.jsonl,264,full_log_record,PHONE_NUMBER,1721036031,0.4,90,100
logs_sample.jsonl,264,full_log_record,US_BANK_NUMBER,1721036031,0.05,7,17
logs_sample.jsonl,265,full_log_record,PHONE_NUMBER,1721036168,0.4,7,17
logs_sample.jsonl,265,full_log_record,PHONE_NUMBER,1721036168,0.4,88,98
logs_sample.jsonl,265,full_log_record,US_BANK_NUMBER,1721036168,0.05,7,17
logs_sample.jsonl,266,full_log_record,IP_ADDRESS,44.163.85.159,0.95,220,233
logs_sample.jsonl,266,full_log_record,PHONE_NUMBER,1721036305,0.4,7,17
logs_sample.jsonl,266,full_log_record,PHONE_NUMBER,1721036305,0.4,90,100
logs_sample.jsonl,266,full_log_record,PHONE_NUMBER,44.163.85.159,0.4,220,233
logs_sample.jsonl,266,full_log_record,US_BANK_NUMBER,1721036305,0.05,7,17
logs_sample.jsonl,267,full_log_record,EMAIL_ADDRESS,sofia.bergqvist@example.com,1.0,176,203
logs_sample.jsonl,267,full_log_record,EMAIL_ADDRESS,sofia.bergqvist@example.com,1.0,287,314
logs_sample.jsonl,267,full_log_record,PERSON,Sofia Bergqvist,0.85,259,274
logs_sample.jsonl,267,full_log_record,LOCATION,Seattle,0.85,388,395
logs_sample.jsonl,267,full_log_record,LOCATION,WA,0.85,397,399
logs_sample.jsonl,267,full_log_record,PHONE_NUMBER,+1-206-555-0165,0.75,327,342
logs_sample.jsonl,267,full_log_record,URL,sofia.be,0.5,176,184
logs_sample.jsonl,267,full_log_record,URL,example.com,0.5,192,203
logs_sample.jsonl,267,full_log_record,URL,sofia.be,0.5,287,295
logs_sample.jsonl,267,full_log_record,URL,example.com,0.5,303,314
logs_sample.jsonl,267,full_log_record,PHONE_NUMBER,1721036442,0.4,7,17
logs_sample.jsonl,267,full_log_record,PHONE_NUMBER,1721036442,0.4,88,98
logs_sample.jsonl,267,full_log_record,US_BANK_NUMBER,1721036442,0.05,7,17
logs_sample.jsonl,268,full_log_record,EMAIL_ADDRESS,priya.raghunathan@example.org,1.0,912,941
logs_sample.jsonl,268,full_log_record,DATE_TIME,2021-08-17,0.95,1227,1237
logs_sample.jsonl,268,full_log_record,DATE_TIME,2021-08-25,0.95,1259,1269
logs_sample.jsonl,268,full_log_record,DATE_TIME,1721036579,0.85,7,17
logs_sample.jsonl,268,full_log_record,LOCATION,kb_search      ,0.85,603,618
logs_sample.jsonl,268,full_log_record,DATE_TIME,three weeks,0.85,728,739
logs_sample.jsonl,268,full_log_record,LOCATION,Newton,0.85,1013,1019
logs_sample.jsonl,268,full_log_record,DATE_TIME,2021-09-30,0.85,1084,1094
logs_sample.jsonl,268,full_log_record,PHONE_NUMBER,+1-617-555-0192,0.75,954,969
logs_sample.jsonl,268,full_log_record,URL,example.org,0.5,930,941
logs_sample.jsonl,268,full_log_record,PHONE_NUMBER,1721036579,0.4,7,17
logs_sample.jsonl,268,full_log_record,PHONE_NUMBER,1721036579,0.4,88,98
logs_sample.jsonl,268,full_log_record,PHONE_NUMBER,1649,0.4,1493,1497
logs_sample.jsonl,268,full_log_record,US_BANK_NUMBER,1721036579,0.05,7,17
logs_sample.jsonl,269,full_log_record,DATE_TIME,1721036716,0.85,7,17
logs_sample.jsonl,269,full_log_record,PHONE_NUMBER,1721036716,0.4,7,17
logs_sample.jsonl,269,full_log_record,PHONE_NUMBER,1721036716,0.4,90,100
logs_sample.jsonl,269,full_log_record,US_BANK_NUMBER,1721036716,0.05,7,17
logs_sample.jsonl,270,full_log_record,PHONE_NUMBER,1721036853,0.4,7,17
logs_sample.jsonl,270,full_log_record,PHONE_NUMBER,1721036853,0.4,88,98
logs_sample.jsonl,270,full_log_record,US_BANK_NUMBER,1721036853,0.05,7,17
logs_sample.jsonl,271,full_log_record,IP_ADDRESS,138.43.165.179,0.95,230,244
logs_sample.jsonl,271,full_log_record,DATE_TIME,1721036990,0.85,7,17
logs_sample.jsonl,271,full_log_record,PHONE_NUMBER,1721036990,0.4,7,17
logs_sample.jsonl,271,full_log_record,PHONE_NUMBER,1721036990,0.4,90,100
logs_sample.jsonl,271,full_log_record,US_BANK_NUMBER,1721036990,0.05,7,17
logs_sample.jsonl,272,full_log_record,EMAIL_ADDRESS,daniel.okonkwo@example.net,1.0,176,202
logs_sample.jsonl,272,full_log_record,EMAIL_ADDRESS,daniel.okonkwo@example.net,1.0,285,311
logs_sample.jsonl,272,full_log_record,PERSON,Daniel Okonkwo,0.85,258,272
logs_sample.jsonl,272,full_log_record,DATE_TIME,4419,0.85,363,367
logs_sample.jsonl,272,full_log_record,LOCATION,Hawthorne Blvd,0.85,371,385
logs_sample.jsonl,272,full_log_record,LOCATION,Portland,0.85,387,395
logs_sample.jsonl,272,full_log_record,PHONE_NUMBER,+1-503-555-0178,0.75,324,339
logs_sample.jsonl,272,full_log_record,URL,example.net,0.5,191,202
logs_sample.jsonl,272,full_log_record,URL,example.net,0.5,300,311
logs_sample.jsonl,272,full_log_record,PHONE_NUMBER,1721037127,0.4,7,17
logs_sample.jsonl,272,full_log_record,PHONE_NUMBER,1721037127,0.4,88,98
logs_sample.jsonl,272,full_log_record,US_BANK_NUMBER,1721037127,0.05,7,17
logs_sample.jsonl,273,full_log_record,EMAIL_ADDRESS,marcus.webb@example.com,1.0,875,898
logs_sample.jsonl,273,full_log_record,DATE_TIME,2024-05-10,0.95,1190,1200
logs_sample.jsonl,273,full_log_record,DATE_TIME,2024-05-14,0.95,1222,1232
logs_sample.jsonl,273,full_log_record,DATE_TIME,1721037264,0.85,7,17
logs_sample.jsonl,273,full_log_record,LOCATION,kb_search      ,0.85,603,618
logs_sample.jsonl,273,full_log_record,DATE_TIME,last month,0.85,744,754
logs_sample.jsonl,273,full_log_record,PERSON,Marcus Webb,0.85,851,862
logs_sample.jsonl,273,full_log_record,DATE_TIME,1877,0.85,950,954
logs_sample.jsonl,273,full_log_record,LOCATION,Chicago,0.85,976,983
logs_sample.jsonl,273,full_log_record,DATE_TIME,8802,0.85,1021,1025
logs_sample.jsonl,273,full_log_record,DATE_TIME,2023-04-11,0.85,1048,1058
logs_sample.jsonl,273,full_log_record,PHONE_NUMBER,+1-312-555-0143,0.75,911,926
logs_sample.jsonl,273,full_log_record,URL,example.com,0.5,887,898
logs_sample.jsonl,273,full_log_record,PHONE_NUMBER,1721037264,0.4,7,17
logs_sample.jsonl,273,full_log_record,PHONE_NUMBER,1721037264,0.4,88,98
logs_sample.jsonl,273,full_log_record,US_BANK_NUMBER,1721037264,0.05,7,17
logs_sample.jsonl,274,full_log_record,DATE_TIME,4 business hours,0.85,217,233
logs_sample.jsonl,274,full_log_record,PHONE_NUMBER,1721037401,0.4,7,17
logs_sample.jsonl,274,full_log_record,PHONE_NUMBER,1721037401,0.4,90,100
logs_sample.jsonl,274,full_log_record,US_BANK_NUMBER,1721037401,0.05,7,17
logs_sample.jsonl,275,full_log_record,EMAIL_ADDRESS,daniel.okonkwo@example.net,1.0,287,313
logs_sample.jsonl,275,full_log_record,PERSON,Daniel Okonkwo,0.85,271,285
logs_sample.jsonl,275,full_log_record,DATE_TIME,RF-2026-88274,0.85,389,402
logs_sample.jsonl,275,full_log_record,URL,example.net,0.5,302,313
logs_sample.jsonl,275,full_log_record,PHONE_NUMBER,1721037538,0.4,7,17
logs_sample.jsonl,275,full_log_record,PHONE_NUMBER,1721037538,0.4,88,98
logs_sample.jsonl,275,full_log_record,US_BANK_NUMBER,1721037538,0.05,7,17
logs_sample.jsonl,276,full_log_record,IP_ADDRESS,189.200.109.77,0.95,252,266
logs_sample.jsonl,276,full_log_record,DATE_TIME,three weeks,0.85,178,189
logs_sample.jsonl,276,full_log_record,PHONE_NUMBER,1721037675,0.4,7,17
logs_sample.jsonl,276,full_log_record,PHONE_NUMBER,1721037675,0.4,90,100
logs_sample.jsonl,276,full_log_record,PHONE_NUMBER,189.200.109.77,0.4,252,266
logs_sample.jsonl,276,full_log_record,US_BANK_NUMBER,1721037675,0.05,7,17
logs_sample.jsonl,277,full_log_record,EMAIL_ADDRESS,priya.raghunathan@example.org,1.0,176,205
logs_sample.jsonl,277,full_log_record,EMAIL_ADDRESS,priya.raghunathan@example.org,1.0,291,320
logs_sample.jsonl,277,full_log_record,LOCATION,Newton,0.85,392,398
logs_sample.jsonl,277,full_log_record,PHONE_NUMBER,+1-617-555-0192,0.75,333,348
logs_sample.jsonl,277,full_log_record,URL,example.org,0.5,194,205
logs_sample.jsonl,277,full_log_record,URL,example.org,0.5,309,320
logs_sample.jsonl,277,full_log_record,PHONE_NUMBER,1721037812,0.4,7,17
logs_sample.jsonl,277,full_log_record,PHONE_NUMBER,1721037812,0.4,88,98
logs_sample.jsonl,277,full_log_record,US_BANK_NUMBER,1721037812,0.05,7,17
logs_sample.jsonl,278,full_log_record,EMAIL_ADDRESS,daniel.okonkwo@example.net,1.0,873,899
logs_sample.jsonl,278,full_log_record,DATE_TIME,2024-07-27,0.95,1189,1199
logs_sample.jsonl,278,full_log_record,DATE_TIME,2024-07-28,0.95,1221,1231
logs_sample.jsonl,278,full_log_record,DATE_TIME,1721037949,0.85,7,17
logs_sample.jsonl,278,full_log_record,LOCATION,kb_search      ,0.85,603,618
logs_sample.jsonl,278,full_log_record,PERSON,Daniel Okonkwo,0.85,846,860
logs_sample.jsonl,278,full_log_record,DATE_TIME,4419,0.85,951,955
logs_sample.jsonl,278,full_log_record,LOCATION,Hawthorne Blvd,0.85,959,973
logs_sample.jsonl,278,full_log_record,LOCATION,Portland,0.85,975,983
logs_sample.jsonl,278,full_log_record,DATE_TIME,2024-01-22,0.85,1048,1058
logs_sample.jsonl,278,full_log_record,PHONE_NUMBER,+1-503-555-0178,0.75,912,927
logs_sample.jsonl,278,full_log_record,URL,example.net,0.5,888,899
logs_sample.jsonl,278,full_log_record,PHONE_NUMBER,1721037949,0.4,7,17
logs_sample.jsonl,278,full_log_record,PHONE_NUMBER,1721037949,0.4,88,98
logs_sample.jsonl,278,full_log_record,US_BANK_NUMBER,1721037949,0.05,7,17
logs_sample.jsonl,279,full_log_record,DATE_TIME,4 business hours,0.85,217,233
logs_sample.jsonl,279,full_log_record,PHONE_NUMBER,1721038086,0.4,7,17
logs_sample.jsonl,279,full_log_record,PHONE_NUMBER,1721038086,0.4,90,100
logs_sample.jsonl,279,full_log_record,US_BANK_NUMBER,1721038086,0.05,7,17
logs_sample.jsonl,280,full_log_record,EMAIL_ADDRESS,tomas.delgado@example.org,1.0,287,312
logs_sample.jsonl,280,full_log_record,PERSON,Delgado,0.85,278,285
logs_sample.jsonl,280,full_log_record,URL,tomas.de,0.5,287,295
logs_sample.jsonl,280,full_log_record,URL,example.org,0.5,301,312
logs_sample.jsonl,280,full_log_record,PHONE_NUMBER,1721038223,0.4,7,17
logs_sample.jsonl,280,full_log_record,PHONE_NUMBER,1721038223,0.4,88,98
logs_sample.jsonl,280,full_log_record,US_BANK_NUMBER,1721038223,0.05,7,17
logs_sample.jsonl,281,full_log_record,IP_ADDRESS,103.52.184.32,0.95,216,229
logs_sample.jsonl,281,full_log_record,DATE_TIME,1721038360,0.85,7,17
logs_sample.jsonl,281,full_log_record,PHONE_NUMBER,1721038360,0.4,7,17
logs_sample.jsonl,281,full_log_record,PHONE_NUMBER,1721038360,0.4,90,100
logs_sample.jsonl,281,full_log_record,US_BANK_NUMBER,1721038360,0.05,7,17
logs_sample.jsonl,282,full_log_record,EMAIL_ADDRESS,tomas.delgado@example.org,1.0,176,201
logs_sample.jsonl,282,full_log_record,EMAIL_ADDRESS,tomas.delgado@example.org,1.0,288,313
logs_sample.jsonl,282,full_log_record,PERSON,Delgado,0.85,268,275
logs_sample.jsonl,282,full_log_record,LOCATION,Miami,0.85,390,395
logs_sample.jsonl,282,full_log_record,LOCATION,FL,0.85,397,399
logs_sample.jsonl,282,full_log_record,PHONE_NUMBER,+1-786-555-0121,0.75,326,341
logs_sample.jsonl,282,full_log_record,URL,tomas.de,0.5,176,184
logs_sample.jsonl,282,full_log_record,URL,example.org,0.5,190,201
logs_sample.jsonl,282,full_log_record,URL,tomas.de,0.5,288,296
logs_sample.jsonl,282,full_log_record,URL,example.org,0.5,302,313
logs_sample.jsonl,282,full_log_record,PHONE_NUMBER,1721038497,0.4,7,17
logs_sample.jsonl,282,full_log_record,PHONE_NUMBER,1721038497,0.4,88,98
logs_sample.jsonl,282,full_log_record,US_BANK_NUMBER,1721038497,0.05,7,17
logs_sample.jsonl,283,full_log_record,EMAIL_ADDRESS,marcus.webb@example.com,1.0,884,907
logs_sample.jsonl,283,full_log_record,DATE_TIME,2024-03-14,0.95,1199,1209
logs_sample.jsonl,283,full_log_record,DATE_TIME,2024-03-19,0.95,1231,1241
logs_sample.jsonl,283,full_log_record,LOCATION,kb_search      ,0.85,603,618
logs_sample.jsonl,283,full_log_record,PERSON,Marcus Webb,0.85,860,871
logs_sample.jsonl,283,full_log_record,DATE_TIME,1877,0.85,959,963
logs_sample.jsonl,283,full_log_record,LOCATION,Chicago,0.85,985,992
logs_sample.jsonl,283,full_log_record,DATE_TIME,8802,0.85,1030,1034
logs_sample.jsonl,283,full_log_record,DATE_TIME,2023-04-11,0.85,1057,1067
logs_sample.jsonl,283,full_log_record,PHONE_NUMBER,+1-312-555-0143,0.75,920,935
logs_sample.jsonl,283,full_log_record,URL,example.com,0.5,896,907
logs_sample.jsonl,283,full_log_record,PHONE_NUMBER,1721038634,0.4,7,17
logs_sample.jsonl,283,full_log_record,PHONE_NUMBER,1721038634,0.4,88,98
logs_sample.jsonl,283,full_log_record,US_BANK_NUMBER,1721038634,0.05,7,17
logs_sample.jsonl,284,full_log_record,DATE_TIME,1721038771,0.85,7,17
logs_sample.jsonl,284,full_log_record,DATE_TIME,30-day,0.85,173,179
logs_sample.jsonl,284,full_log_record,PHONE_NUMBER,1721038771,0.4,7,17
logs_sample.jsonl,284,full_log_record,PHONE_NUMBER,1721038771,0.4,90,100
logs_sample.jsonl,284,full_log_record,US_BANK_NUMBER,1721038771,0.05,7,17
logs_sample.jsonl,285,full_log_record,EMAIL_ADDRESS,tomas.delgado@example.org,1.0,287,312
logs_sample.jsonl,285,full_log_record,PERSON,Delgado,0.85,278,285
logs_sample.jsonl,285,full_log_record,DATE_TIME,RF-2026-88284,0.85,388,401
logs_sample.jsonl,285,full_log_record,URL,tomas.de,0.5,287,295
logs_sample.jsonl,285,full_log_record,URL,example.org,0.5,301,312
logs_sample.jsonl,285,full_log_record,PHONE_NUMBER,1721038908,0.4,7,17
logs_sample.jsonl,285,full_log_record,PHONE_NUMBER,1721038908,0.4,88,98
logs_sample.jsonl,285,full_log_record,US_BANK_NUMBER,1721038908,0.05,7,17
logs_sample.jsonl,286,full_log_record,IP_ADDRESS,72.109.179.138,0.95,230,244
logs_sample.jsonl,286,full_log_record,PHONE_NUMBER,1721039045,0.4,7,17
logs_sample.jsonl,286,full_log_record,PHONE_NUMBER,1721039045,0.4,90,100
logs_sample.jsonl,286,full_log_record,US_BANK_NUMBER,1721039045,0.05,7,17
logs_sample.jsonl,287,full_log_record,EMAIL_ADDRESS,tomas.delgado@example.org,1.0,176,201
logs_sample.jsonl,287,full_log_record,EMAIL_ADDRESS,tomas.delgado@example.org,1.0,288,313
logs_sample.jsonl,287,full_log_record,PERSON,Delgado,0.85,268,275
logs_sample.jsonl,287,full_log_record,LOCATION,Miami,0.85,390,395
logs_sample.jsonl,287,full_log_record,LOCATION,FL,0.85,397,399
logs_sample.jsonl,287,full_log_record,PHONE_NUMBER,+1-786-555-0121,0.75,326,341
logs_sample.jsonl,287,full_log_record,URL,tomas.de,0.5,176,184
logs_sample.jsonl,287,full_log_record,URL,example.org,0.5,190,201
logs_sample.jsonl,287,full_log_record,URL,tomas.de,0.5,288,296
logs_sample.jsonl,287,full_log_record,URL,example.org,0.5,302,313
logs_sample.jsonl,287,full_log_record,PHONE_NUMBER,1721039182,0.4,7,17
logs_sample.jsonl,287,full_log_record,PHONE_NUMBER,1721039182,0.4,88,98
logs_sample.jsonl,287,full_log_record,US_BANK_NUMBER,1721039182,0.05,7,17
logs_sample.jsonl,288,full_log_record,EMAIL_ADDRESS,sofia.bergqvist@example.com,1.0,868,895
logs_sample.jsonl,288,full_log_record,DATE_TIME,2025-03-20,0.95,1183,1193
logs_sample.jsonl,288,full_log_record,DATE_TIME,2025-03-28,0.95,1215,1225
logs_sample.jsonl,288,full_log_record,DATE_TIME,1721039319,0.85,7,17
logs_sample.jsonl,288,full_log_record,LOCATION,kb_search      ,0.85,603,618
logs_sample.jsonl,288,full_log_record,PERSON,Kessler,0.85,717,724
logs_sample.jsonl,288,full_log_record,PERSON,Sofia Bergqvist,0.85,840,855
logs_sample.jsonl,288,full_log_record,LOCATION,Seattle,0.85,969,976
logs_sample.jsonl,288,full_log_record,LOCATION,WA,0.85,978,980
logs_sample.jsonl,288,full_log_record,DATE_TIME,2025-06-08,0.85,1041,1051
logs_sample.jsonl,288,full_log_record,LOCATION,Ridge Planter,0.85,1353,1366
logs_sample.jsonl,288,full_log_record,PHONE_NUMBER,+1-206-555-0165,0.75,908,923
logs_sample.jsonl,288,full_log_record,URL,sofia.be,0.5,868,876
logs_sample.jsonl,288,full_log_record,URL,example.com,0.5,884,895
logs_sample.jsonl,288,full_log_record,PHONE_NUMBER,1721039319,0.4,7,17
logs_sample.jsonl,288,full_log_record,PHONE_NUMBER,1721039319,0.4,88,98
logs_sample.jsonl,288,full_log_record,US_BANK_NUMBER,1721039319,0.05,7,17
logs_sample.jsonl,289,full_log_record,DATE_TIME,1721039456,0.85,7,17
logs_sample.jsonl,289,full_log_record,PHONE_NUMBER,1721039456,0.4,7,17
logs_sample.jsonl,289,full_log_record,PHONE_NUMBER,1721039456,0.4,90,100
logs_sample.jsonl,289,full_log_record,US_BANK_NUMBER,1721039456,0.05,7,17
logs_sample.jsonl,290,full_log_record,PERSON,Kessler,0.85,182,189
logs_sample.jsonl,290,full_log_record,PHONE_NUMBER,1721039593,0.4,7,17
logs_sample.jsonl,290,full_log_record,PHONE_NUMBER,1721039593,0.4,88,98
logs_sample.jsonl,290,full_log_record,US_BANK_NUMBER,1721039593,0.05,7,17
logs_sample.jsonl,291,full_log_record,IP_ADDRESS,55.220.82.47,0.95,213,225
logs_sample.jsonl,291,full_log_record,PHONE_NUMBER,1721039730,0.4,7,17
logs_sample.jsonl,291,full_log_record,PHONE_NUMBER,1721039730,0.4,90,100
logs_sample.jsonl,291,full_log_record,US_BANK_NUMBER,1721039730,0.05,7,17
logs_sample.jsonl,292,full_log_record,EMAIL_ADDRESS,daniel.okonkwo@example.net,1.0,176,202
logs_sample.jsonl,292,full_log_record,EMAIL_ADDRESS,daniel.okonkwo@example.net,1.0,285,311
logs_sample.jsonl,292,full_log_record,DATE_TIME,1721039867,0.85,7,17
logs_sample.jsonl,292,full_log_record,PERSON,Daniel Okonkwo,0.85,258,272
logs_sample.jsonl,292,full_log_record,DATE_TIME,4419,0.85,363,367
logs_sample.jsonl,292,full_log_record,LOCATION,Hawthorne Blvd,0.85,371,385
logs_sample.jsonl,292,full_log_record,LOCATION,Portland,0.85,387,395
logs_sample.jsonl,292,full_log_record,PHONE_NUMBER,+1-503-555-0178,0.75,324,339
logs_sample.jsonl,292,full_log_record,URL,example.net,0.5,191,202
logs_sample.jsonl,292,full_log_record,URL,example.net,0.5,300,311
logs_sample.jsonl,292,full_log_record,PHONE_NUMBER,1721039867,0.4,7,17
logs_sample.jsonl,292,full_log_record,PHONE_NUMBER,1721039867,0.4,88,98
logs_sample.jsonl,292,full_log_record,US_BANK_NUMBER,1721039867,0.05,7,17
logs_sample.jsonl,293,full_log_record,EMAIL_ADDRESS,marcus.webb@example.com,1.0,874,897
logs_sample.jsonl,293,full_log_record,DATE_TIME,2025-01-16,0.95,1189,1199
logs_sample.jsonl,293,full_log_record,DATE_TIME,2025-01-21,0.95,1221,1231
logs_sample.jsonl,293,full_log_record,LOCATION,kb_search      ,0.85,603,618
logs_sample.jsonl,293,full_log_record,PERSON,Marcus Webb,0.85,850,861
logs_sample.jsonl,293,full_log_record,DATE_TIME,1877,0.85,949,953
logs_sample.jsonl,293,full_log_record,LOCATION,Chicago,0.85,975,982
logs_sample.jsonl,293,full_log_record,DATE_TIME,8802,0.85,1020,1024
logs_sample.jsonl,293,full_log_record,DATE_TIME,2023-04-11,0.85,1047,1057
logs_sample.jsonl,293,full_log_record,DATE_TIME,1808,0.85,1380,1384
logs_sample.jsonl,293,full_log_record,PHONE_NUMBER,+1-312-555-0143,0.75,910,925
logs_sample.jsonl,293,full_log_record,URL,example.com,0.5,886,897
logs_sample.jsonl,293,full_log_record,PHONE_NUMBER,1721040004,0.4,7,17
logs_sample.jsonl,293,full_log_record,PHONE_NUMBER,1721040004,0.4,88,98
logs_sample.jsonl,293,full_log_record,US_BANK_NUMBER,1721040004,0.05,7,17
logs_sample.jsonl,294,full_log_record,PHONE_NUMBER,1721040141,0.4,7,17
logs_sample.jsonl,294,full_log_record,PHONE_NUMBER,1721040141,0.4,90,100
logs_sample.jsonl,294,full_log_record,US_BANK_NUMBER,1721040141,0.05,7,17
logs_sample.jsonl,295,full_log_record,EMAIL_ADDRESS,daniel.okonkwo@example.net,1.0,277,303
logs_sample.jsonl,295,full_log_record,PERSON,Daniel Okonkwo,0.85,261,275
logs_sample.jsonl,295,full_log_record,DATE_TIME,RF-2026-88294,0.85,379,392
logs_sample.jsonl,295,full_log_record,URL,example.net,0.5,292,303
logs_sample.jsonl,295,full_log_record,PHONE_NUMBER,1721040278,0.4,7,17
logs_sample.jsonl,295,full_log_record,PHONE_NUMBER,1721040278,0.4,88,98
logs_sample.jsonl,295,full_log_record,US_BANK_NUMBER,1721040278,0.05,7,17
logs_sample.jsonl,296,full_log_record,IP_ADDRESS,92.151.174.137,0.95,221,235
logs_sample.jsonl,296,full_log_record,DATE_TIME,last month,0.85,194,204
logs_sample.jsonl,296,full_log_record,PHONE_NUMBER,1721040415,0.4,7,17
logs_sample.jsonl,296,full_log_record,PHONE_NUMBER,1721040415,0.4,90,100
logs_sample.jsonl,296,full_log_record,US_BANK_NUMBER,1721040415,0.05,7,17
logs_sample.jsonl,297,full_log_record,EMAIL_ADDRESS,marcus.webb@example.com,1.0,176,199
logs_sample.jsonl,297,full_log_record,EMAIL_ADDRESS,marcus.webb@example.com,1.0,279,302
logs_sample.jsonl,297,full_log_record,PERSON,Marcus Webb,0.85,255,266
logs_sample.jsonl,297,full_log_record,DATE_TIME,1877,0.85,354,358
logs_sample.jsonl,297,full_log_record,LOCATION,Chicago,0.85,380,387
logs_sample.jsonl,297,full_log_record,DATE_TIME,8802,0.85,425,429
logs_sample.jsonl,297,full_log_record,PHONE_NUMBER,+1-312-555-0143,0.75,315,330
logs_sample.jsonl,297,full_log_record,URL,example.com,0.5,188,199
logs_sample.jsonl,297,full_log_record,URL,example.com,0.5,291,302
logs_sample.jsonl,297,full_log_record,PHONE_NUMBER,1721040552,0.4,7,17
logs_sample.jsonl,297,full_log_record,PHONE_NUMBER,1721040552,0.4,88,98
logs_sample.jsonl,297,full_log_record,US_BANK_NUMBER,1721040552,0.05,7,17
logs_sample.jsonl,298,full_log_record,EMAIL_ADDRESS,daniel.okonkwo@example.net,1.0,870,896
logs_sample.jsonl,298,full_log_record,DATE_TIME,2026-06-25,0.95,1186,1196
logs_sample.jsonl,298,full_log_record,DATE_TIME,2026-06-28,0.95,1218,1228
logs_sample.jsonl,298,full_log_record,DATE_TIME,1721040689,0.85,7,17
logs_sample.jsonl,298,full_log_record,LOCATION,kb_search      ,0.85,603,618
logs_sample.jsonl,298,full_log_record,PERSON,Daniel Okonkwo,0.85,843,857
logs_sample.jsonl,298,full_log_record,DATE_TIME,4419,0.85,948,952
logs_sample.jsonl,298,full_log_record,LOCATION,Hawthorne Blvd,0.85,956,970
logs_sample.jsonl,298,full_log_record,LOCATION,Portland,0.85,972,980
logs_sample.jsonl,298,full_log_record,DATE_TIME,2024-01-22,0.85,1045,1055
logs_sample.jsonl,298,full_log_record,DATE_TIME,1912,0.85,1377,1381
logs_sample.jsonl,298,full_log_record,PHONE_NUMBER,+1-503-555-0178,0.75,909,924
logs_sample.jsonl,298,full_log_record,URL,example.net,0.5,885,896
logs_sample.jsonl,298,full_log_record,PHONE_NUMBER,1721040689,0.4,7,17
logs_sample.jsonl,298,full_log_record,PHONE_NUMBER,1721040689,0.4,88,98
logs_sample.jsonl,298,full_log_record,US_BANK_NUMBER,1721040689,0.05,7,17
logs_sample.jsonl,299,full_log_record,DATE_TIME,1721040826,0.85,7,17
logs_sample.jsonl,299,full_log_record,PHONE_NUMBER,1721040826,0.4,7,17
logs_sample.jsonl,299,full_log_record,PHONE_NUMBER,1721040826,0.4,90,100
logs_sample.jsonl,299,full_log_record,US_BANK_NUMBER,1721040826,0.05,7,17
logs_sample.jsonl,300,full_log_record,DATE_TIME,two weeks,0.85,204,213
logs_sample.jsonl,300,full_log_record,PHONE_NUMBER,1721040963,0.4,7,17
logs_sample.jsonl,300,full_log_record,PHONE_NUMBER,1721040963,0.4,88,98
logs_sample.jsonl,300,full_log_record,US_BANK_NUMBER,1721040963,0.05,7,17
logs_sample.jsonl,301,full_log_record,IP_ADDRESS,140.21.234.160,0.95,221,235
logs_sample.jsonl,301,full_log_record,PERSON,sess_1721041100_d8a61b,0.85,85,107
logs_sample.jsonl,301,full_log_record,DATE_TIME,last month,0.85,194,204
logs_sample.jsonl,301,full_log_record,PHONE_NUMBER,1721041100,0.4,7,17
logs_sample.jsonl,301,full_log_record,PHONE_NUMBER,1721041100,0.4,90,100
logs_sample.jsonl,301,full_log_record,US_BANK_NUMBER,1721041100,0.05,7,17
logs_sample.jsonl,302,full_log_record,EMAIL_ADDRESS,sofia.bergqvist@example.com,1.0,176,203
logs_sample.jsonl,302,full_log_record,EMAIL_ADDRESS,sofia.bergqvist@example.com,1.0,287,314
logs_sample.jsonl,302,full_log_record,PERSON,Sofia Bergqvist,0.85,259,274
logs_sample.jsonl,302,full_log_record,LOCATION,Seattle,0.85,388,395
logs_sample.jsonl,302,full_log_record,LOCATION,WA,0.85,397,399
logs_sample.jsonl,302,full_log_record,PHONE_NUMBER,+1-206-555-0165,0.75,327,342
logs_sample.jsonl,302,full_log_record,URL,sofia.be,0.5,176,184
logs_sample.jsonl,302,full_log_record,URL,example.com,0.5,192,203
logs_sample.jsonl,302,full_log_record,URL,sofia.be,0.5,287,295
logs_sample.jsonl,302,full_log_record,URL,example.com,0.5,303,314
logs_sample.jsonl,302,full_log_record,PHONE_NUMBER,1721041237,0.4,7,17
logs_sample.jsonl,302,full_log_record,PHONE_NUMBER,1721041237,0.4,88,98
logs_sample.jsonl,302,full_log_record,US_BANK_NUMBER,1721041237,0.05,7,17
logs_sample.jsonl,303,full_log_record,EMAIL_ADDRESS,tomas.delgado@example.org,1.0,891,916
logs_sample.jsonl,303,full_log_record,DATE_TIME,2026-01-02,0.95,1205,1215
logs_sample.jsonl,303,full_log_record,LOCATION,kb_search      ,0.85,603,618
logs_sample.jsonl,303,full_log_record,PERSON,Delgado,0.85,871,878
logs_sample.jsonl,303,full_log_record,LOCATION,Miami,0.85,993,998
logs_sample.jsonl,303,full_log_record,LOCATION,FL,0.85,1000,1002
logs_sample.jsonl,303,full_log_record,DATE_TIME,2022-11-03,0.85,1063,1073
logs_sample.jsonl,303,full_log_record,DATE_TIME,1824,0.85,1388,1392
logs_sample.jsonl,303,full_log_record,PHONE_NUMBER,+1-786-555-0121,0.75,929,944
logs_sample.jsonl,303,full_log_record,URL,tomas.de,0.5,891,899
logs_sample.jsonl,303,full_log_record,URL,example.org,0.5,905,916
logs_sample.jsonl,303,full_log_record,PHONE_NUMBER,1721041374,0.4,7,17
logs_sample.jsonl,303,full_log_record,PHONE_NUMBER,1721041374,0.4,88,98
logs_sample.jsonl,303,full_log_record,US_BANK_NUMBER,1721041374,0.05,7,17
logs_sample.jsonl,304,full_log_record,DATE_TIME,1721041511,0.85,7,17
logs_sample.jsonl,304,full_log_record,DATE_TIME,30-day,0.85,173,179
logs_sample.jsonl,304,full_log_record,PHONE_NUMBER,1721041511,0.4,7,17
logs_sample.jsonl,304,full_log_record,PHONE_NUMBER,1721041511,0.4,90,100
logs_sample.jsonl,304,full_log_record,US_BANK_NUMBER,1721041511,0.05,7,17
logs_sample.jsonl,305,full_log_record,EMAIL_ADDRESS,marcus.webb@example.com,1.0,275,298
logs_sample.jsonl,305,full_log_record,PERSON,Customer Marcus Webb,0.85,253,273
logs_sample.jsonl,305,full_log_record,DATE_TIME,8802,0.85,338,342
logs_sample.jsonl,305,full_log_record,DATE_TIME,RF-2026-88304,0.85,374,387
logs_sample.jsonl,305,full_log_record,URL,example.com,0.5,287,298
logs_sample.jsonl,305,full_log_record,PHONE_NUMBER,1721041648,0.4,7,17
logs_sample.jsonl,305,full_log_record,PHONE_NUMBER,1721041648,0.4,88,98
logs_sample.jsonl,305,full_log_record,US_BANK_NUMBER,1721041648,0.05,7,17
logs_sample.jsonl,306,full_log_record,IP_ADDRESS,68.122.130.45,0.95,196,209
logs_sample.jsonl,306,full_log_record,DATE_TIME,1721041785,0.85,7,17
logs_sample.jsonl,306,full_log_record,PHONE_NUMBER,1721041785,0.4,7,17
logs_sample.jsonl,306,full_log_record,PHONE_NUMBER,1721041785,0.4,90,100
logs_sample.jsonl,306,full_log_record,PHONE_NUMBER,68.122.130.45,0.4,196,209
logs_sample.jsonl,306,full_log_record,US_BANK_NUMBER,1721041785,0.05,7,17
logs_sample.jsonl,307,full_log_record,EMAIL_ADDRESS,tomas.delgado@example.org,1.0,176,201
logs_sample.jsonl,307,full_log_record,EMAIL_ADDRESS,tomas.delgado@example.org,1.0,288,313
logs_sample.jsonl,307,full_log_record,DATE_TIME,1721041922,0.85,7,17
logs_sample.jsonl,307,full_log_record,PERSON,Delgado,0.85,268,275
logs_sample.jsonl,307,full_log_record,LOCATION,Miami,0.85,390,395
logs_sample.jsonl,307,full_log_record,LOCATION,FL,0.85,397,399
logs_sample.jsonl,307,full_log_record,PHONE_NUMBER,+1-786-555-0121,0.75,326,341
logs_sample.jsonl,307,full_log_record,URL,tomas.de,0.5,176,184
logs_sample.jsonl,307,full_log_record,URL,example.org,0.5,190,201
logs_sample.jsonl,307,full_log_record,URL,tomas.de,0.5,288,296
logs_sample.jsonl,307,full_log_record,URL,example.org,0.5,302,313
logs_sample.jsonl,307,full_log_record,PHONE_NUMBER,1721041922,0.4,7,17
logs_sample.jsonl,307,full_log_record,PHONE_NUMBER,1721041922,0.4,88,98
logs_sample.jsonl,307,full_log_record,US_BANK_NUMBER,1721041922,0.05,7,17
logs_sample.jsonl,308,full_log_record,EMAIL_ADDRESS,daniel.okonkwo@example.net,1.0,854,880
logs_sample.jsonl,308,full_log_record,DATE_TIME,2024-07-27,0.95,1170,1180
logs_sample.jsonl,308,full_log_record,DATE_TIME,2024-07-28,0.95,1202,1212
logs_sample.jsonl,308,full_log_record,LOCATION,kb_search      ,0.85,604,619
logs_sample.jsonl,308,full_log_record,PERSON,Daniel Okonkwo,0.85,827,841
logs_sample.jsonl,308,full_log_record,DATE_TIME,4419,0.85,932,936
logs_sample.jsonl,308,full_log_record,LOCATION,Hawthorne Blvd,0.85,940,954
logs_sample.jsonl,308,full_log_record,LOCATION,Portland,0.85,956,964
logs_sample.jsonl,308,full_log_record,DATE_TIME,2024-01-22,0.85,1029,1039
logs_sample.jsonl,308,full_log_record,PHONE_NUMBER,+1-503-555-0178,0.75,893,908
logs_sample.jsonl,308,full_log_record,URL,example.net,0.5,869,880
logs_sample.jsonl,308,full_log_record,PHONE_NUMBER,1721042059,0.4,7,17
logs_sample.jsonl,308,full_log_record,PHONE_NUMBER,1721042059,0.4,89,99
logs_sample.jsonl,308,full_log_record,US_BANK_NUMBER,1721042059,0.05,7,17
logs_sample.jsonl,309,full_log_record,PHONE_NUMBER,1721042196,0.4,7,17
logs_sample.jsonl,309,full_log_record,PHONE_NUMBER,1721042196,0.4,90,100
logs_sample.jsonl,309,full_log_record,US_BANK_NUMBER,1721042196,0.05,7,17
logs_sample.jsonl,310,full_log_record,DATE_TIME,1721042333,0.85,7,17
logs_sample.jsonl,310,full_log_record,PHONE_NUMBER,1721042333,0.4,7,17
logs_sample.jsonl,310,full_log_record,PHONE_NUMBER,1721042333,0.4,88,98
logs_sample.jsonl,310,full_log_record,US_BANK_NUMBER,1721042333,0.05,7,17
logs_sample.jsonl,311,full_log_record,IP_ADDRESS,199.122.102.180,0.95,218,233
logs_sample.jsonl,311,full_log_record,DATE_TIME,199.122.102.180,0.85,218,233
logs_sample.jsonl,311,full_log_record,PHONE_NUMBER,1721042470,0.4,7,17
logs_sample.jsonl,311,full_log_record,PHONE_NUMBER,1721042470,0.4,90,100
logs_sample.jsonl,311,full_log_record,US_BANK_NUMBER,1721042470,0.05,7,17
logs_sample.jsonl,312,full_log_record,EMAIL_ADDRESS,daniel.okonkwo@example.net,1.0,176,202
logs_sample.jsonl,312,full_log_record,EMAIL_ADDRESS,daniel.okonkwo@example.net,1.0,285,311
logs_sample.jsonl,312,full_log_record,PERSON,Daniel Okonkwo,0.85,258,272
logs_sample.jsonl,312,full_log_record,DATE_TIME,4419,0.85,363,367
logs_sample.jsonl,312,full_log_record,LOCATION,Hawthorne Blvd,0.85,371,385
logs_sample.jsonl,312,full_log_record,LOCATION,Portland,0.85,387,395
logs_sample.jsonl,312,full_log_record,PHONE_NUMBER,+1-503-555-0178,0.75,324,339
logs_sample.jsonl,312,full_log_record,URL,example.net,0.5,191,202
logs_sample.jsonl,312,full_log_record,URL,example.net,0.5,300,311
logs_sample.jsonl,312,full_log_record,PHONE_NUMBER,1721042607,0.4,7,17
logs_sample.jsonl,312,full_log_record,PHONE_NUMBER,1721042607,0.4,88,98
logs_sample.jsonl,312,full_log_record,US_BANK_NUMBER,1721042607,0.05,7,17
logs_sample.jsonl,313,full_log_record,EMAIL_ADDRESS,daniel.okonkwo@example.net,1.0,887,913
logs_sample.jsonl,313,full_log_record,DATE_TIME,2026-06-25,0.95,1203,1213
logs_sample.jsonl,313,full_log_record,DATE_TIME,2026-06-28,0.95,1235,1245
logs_sample.jsonl,313,full_log_record,LOCATION,kb_search      ,0.85,603,618
logs_sample.jsonl,313,full_log_record,PERSON,Daniel Okonkwo,0.85,860,874
logs_sample.jsonl,313,full_log_record,DATE_TIME,4419,0.85,965,969
logs_sample.jsonl,313,full_log_record,LOCATION,Hawthorne Blvd,0.85,973,987
logs_sample.jsonl,313,full_log_record,LOCATION,Portland,0.85,989,997
logs_sample.jsonl,313,full_log_record,DATE_TIME,2024-01-22,0.85,1062,1072
logs_sample.jsonl,313,full_log_record,PHONE_NUMBER,+1-503-555-0178,0.75,926,941
logs_sample.jsonl,313,full_log_record,URL,example.net,0.5,902,913
logs_sample.jsonl,313,full_log_record,PHONE_NUMBER,1721042744,0.4,7,17
logs_sample.jsonl,313,full_log_record,PHONE_NUMBER,1721042744,0.4,88,98
logs_sample.jsonl,313,full_log_record,US_BANK_NUMBER,1721042744,0.05,7,17
logs_sample.jsonl,314,full_log_record,DATE_TIME,4 business hours,0.85,217,233
logs_sample.jsonl,314,full_log_record,PHONE_NUMBER,1721042881,0.4,7,17
logs_sample.jsonl,314,full_log_record,PHONE_NUMBER,1721042881,0.4,90,100
logs_sample.jsonl,314,full_log_record,US_BANK_NUMBER,1721042881,0.05,7,17
logs_sample.jsonl,315,full_log_record,PHONE_NUMBER,1721043018,0.4,7,17
logs_sample.jsonl,315,full_log_record,PHONE_NUMBER,1721043018,0.4,88,98
logs_sample.jsonl,315,full_log_record,US_BANK_NUMBER,1721043018,0.05,7,17
logs_sample.jsonl,316,full_log_record,IP_ADDRESS,134.83.45.150,0.95,196,209
logs_sample.jsonl,316,full_log_record,PERSON,sess_1721043155_8c7d18,0.85,85,107
logs_sample.jsonl,316,full_log_record,PHONE_NUMBER,1721043155,0.4,7,17
logs_sample.jsonl,316,full_log_record,PHONE_NUMBER,1721043155,0.4,90,100
logs_sample.jsonl,316,full_log_record,PHONE_NUMBER,134.83.45.150,0.4,196,209
logs_sample.jsonl,316,full_log_record,US_BANK_NUMBER,1721043155,0.05,7,17
logs_sample.jsonl,317,full_log_record,EMAIL_ADDRESS,tomas.delgado@example.org,1.0,176,201
logs_sample.jsonl,317,full_log_record,EMAIL_ADDRESS,tomas.delgado@example.org,1.0,288,313
logs_sample.jsonl,317,full_log_record,PERSON,Delgado,0.85,268,275
logs_sample.jsonl,317,full_log_record,LOCATION,Miami,0.85,390,395
logs_sample.jsonl,317,full_log_record,LOCATION,FL,0.85,397,399
logs_sample.jsonl,317,full_log_record,PHONE_NUMBER,+1-786-555-0121,0.75,326,341
logs_sample.jsonl,317,full_log_record,URL,tomas.de,0.5,176,184
logs_sample.jsonl,317,full_log_record,URL,example.org,0.5,190,201
logs_sample.jsonl,317,full_log_record,URL,tomas.de,0.5,288,296
logs_sample.jsonl,317,full_log_record,URL,example.org,0.5,302,313
logs_sample.jsonl,317,full_log_record,PHONE_NUMBER,1721043292,0.4,7,17
logs_sample.jsonl,317,full_log_record,PHONE_NUMBER,1721043292,0.4,88,98
logs_sample.jsonl,317,full_log_record,US_BANK_NUMBER,1721043292,0.05,7,17
logs_sample.jsonl,318,full_log_record,EMAIL_ADDRESS,sofia.bergqvist@example.com,1.0,854,881
logs_sample.jsonl,318,full_log_record,DATE_TIME,2026-07-25,0.95,1169,1179
logs_sample.jsonl,318,full_log_record,DATE_TIME,2026-07-30,0.95,1201,1211
logs_sample.jsonl,318,full_log_record,DATE_TIME,1721043429,0.85,7,17
logs_sample.jsonl,318,full_log_record,LOCATION,kb_search      ,0.85,603,618
logs_sample.jsonl,318,full_log_record,PERSON,Sofia Bergqvist,0.85,826,841
logs_sample.jsonl,318,full_log_record,LOCATION,Seattle,0.85,955,962
logs_sample.jsonl,318,full_log_record,LOCATION,WA,0.85,964,966
logs_sample.jsonl,318,full_log_record,DATE_TIME,2025-06-08,0.85,1027,1037
logs_sample.jsonl,318,full_log_record,PHONE_NUMBER,+1-206-555-0165,0.75,894,909
logs_sample.jsonl,318,full_log_record,URL,sofia.be,0.5,854,862
logs_sample.jsonl,318,full_log_record,URL,example.com,0.5,870,881
logs_sample.jsonl,318,full_log_record,PHONE_NUMBER,1721043429,0.4,7,17
logs_sample.jsonl,318,full_log_record,PHONE_NUMBER,1721043429,0.4,88,98
logs_sample.jsonl,318,full_log_record,US_BANK_NUMBER,1721043429,0.05,7,17
logs_sample.jsonl,319,full_log_record,DATE_TIME,1721043566,0.85,7,17
logs_sample.jsonl,319,full_log_record,DATE_TIME,4 business hours,0.85,217,233
logs_sample.jsonl,319,full_log_record,PHONE_NUMBER,1721043566,0.4,7,17
logs_sample.jsonl,319,full_log_record,PHONE_NUMBER,1721043566,0.4,90,100
logs_sample.jsonl,319,full_log_record,US_BANK_NUMBER,1721043566,0.05,7,17
logs_sample.jsonl,320,full_log_record,PHONE_NUMBER,1721043703,0.4,7,17
logs_sample.jsonl,320,full_log_record,PHONE_NUMBER,1721043703,0.4,88,98
logs_sample.jsonl,320,full_log_record,US_BANK_NUMBER,1721043703,0.05,7,17
logs_sample.jsonl,321,full_log_record,IP_ADDRESS,132.223.12.133,0.95,218,232
logs_sample.jsonl,321,full_log_record,PHONE_NUMBER,1721043840,0.4,7,17
logs_sample.jsonl,321,full_log_record,PHONE_NUMBER,1721043840,0.4,90,100
logs_sample.jsonl,321,full_log_record,US_BANK_NUMBER,1721043840,0.05,7,17
logs_sample.jsonl,322,full_log_record,EMAIL_ADDRESS,daniel.okonkwo@example.net,1.0,176,202
logs_sample.jsonl,322,full_log_record,EMAIL_ADDRESS,daniel.okonkwo@example.net,1.0,285,311
logs_sample.jsonl,322,full_log_record,PERSON,Daniel Okonkwo,0.85,258,272
logs_sample.jsonl,322,full_log_record,DATE_TIME,4419,0.85,363,367
logs_sample.jsonl,322,full_log_record,LOCATION,Hawthorne Blvd,0.85,371,385
logs_sample.jsonl,322,full_log_record,LOCATION,Portland,0.85,387,395
logs_sample.jsonl,322,full_log_record,PHONE_NUMBER,+1-503-555-0178,0.75,324,339
logs_sample.jsonl,322,full_log_record,URL,example.net,0.5,191,202
logs_sample.jsonl,322,full_log_record,URL,example.net,0.5,300,311
logs_sample.jsonl,322,full_log_record,PHONE_NUMBER,1721043977,0.4,7,17
logs_sample.jsonl,322,full_log_record,PHONE_NUMBER,1721043977,0.4,88,98
logs_sample.jsonl,322,full_log_record,US_BANK_NUMBER,1721043977,0.05,7,17
logs_sample.jsonl,323,full_log_record,EMAIL_ADDRESS,marcus.webb@example.com,1.0,884,907
logs_sample.jsonl,323,full_log_record,DATE_TIME,2025-05-18,0.95,1199,1209
logs_sample.jsonl,323,full_log_record,DATE_TIME,2025-05-26,0.95,1231,1241
logs_sample.jsonl,323,full_log_record,LOCATION,kb_search      ,0.85,603,618
logs_sample.jsonl,323,full_log_record,PERSON,Marcus Webb,0.85,860,871
logs_sample.jsonl,323,full_log_record,DATE_TIME,1877,0.85,959,963
logs_sample.jsonl,323,full_log_record,LOCATION,Chicago,0.85,985,992
logs_sample.jsonl,323,full_log_record,DATE_TIME,8802,0.85,1030,1034
logs_sample.jsonl,323,full_log_record,DATE_TIME,2023-04-11,0.85,1057,1067
logs_sample.jsonl,323,full_log_record,PHONE_NUMBER,+1-312-555-0143,0.75,920,935
logs_sample.jsonl,323,full_log_record,URL,example.com,0.5,896,907
logs_sample.jsonl,323,full_log_record,PHONE_NUMBER,1721044114,0.4,7,17
logs_sample.jsonl,323,full_log_record,PHONE_NUMBER,1721044114,0.4,88,98
logs_sample.jsonl,323,full_log_record,US_BANK_NUMBER,1721044114,0.05,7,17
logs_sample.jsonl,324,full_log_record,DATE_TIME,1721044251,0.85,7,17
logs_sample.jsonl,324,full_log_record,NRP,sess_1721044251_df31da,0.85,85,107
logs_sample.jsonl,324,full_log_record,PHONE_NUMBER,1721044251,0.4,7,17
logs_sample.jsonl,324,full_log_record,PHONE_NUMBER,1721044251,0.4,90,100
logs_sample.jsonl,324,full_log_record,US_BANK_NUMBER,1721044251,0.05,7,17
logs_sample.jsonl,325,full_log_record,PHONE_NUMBER,1721044388,0.4,7,17
logs_sample.jsonl,325,full_log_record,PHONE_NUMBER,1721044388,0.4,88,98
logs_sample.jsonl,325,full_log_record,US_BANK_NUMBER,1721044388,0.05,7,17
logs_sample.jsonl,326,full_log_record,IP_ADDRESS,88.124.209.248,0.95,231,245
logs_sample.jsonl,326,full_log_record,PERSON,88.124.209.248,0.85,231,245
logs_sample.jsonl,326,full_log_record,PHONE_NUMBER,1721044525,0.4,7,17
logs_sample.jsonl,326,full_log_record,PHONE_NUMBER,1721044525,0.4,91,101
logs_sample.jsonl,326,full_log_record,US_BANK_NUMBER,1721044525,0.05,7,17
logs_sample.jsonl,327,full_log_record,EMAIL_ADDRESS,marcus.webb@example.com,1.0,176,199
logs_sample.jsonl,327,full_log_record,EMAIL_ADDRESS,marcus.webb@example.com,1.0,279,302
logs_sample.jsonl,327,full_log_record,PERSON,Marcus Webb,0.85,255,266
logs_sample.jsonl,327,full_log_record,DATE_TIME,1877,0.85,354,358
logs_sample.jsonl,327,full_log_record,LOCATION,Chicago,0.85,380,387
logs_sample.jsonl,327,full_log_record,DATE_TIME,8802,0.85,425,429
logs_sample.jsonl,327,full_log_record,PHONE_NUMBER,+1-312-555-0143,0.75,315,330
logs_sample.jsonl,327,full_log_record,URL,example.com,0.5,188,199
logs_sample.jsonl,327,full_log_record,URL,example.com,0.5,291,302
logs_sample.jsonl,327,full_log_record,PHONE_NUMBER,1721044662,0.4,7,17
logs_sample.jsonl,327,full_log_record,PHONE_NUMBER,1721044662,0.4,88,98
logs_sample.jsonl,327,full_log_record,US_BANK_NUMBER,1721044662,0.05,7,17
logs_sample.jsonl,328,full_log_record,EMAIL_ADDRESS,priya.raghunathan@example.org,1.0,873,902
logs_sample.jsonl,328,full_log_record,DATE_TIME,2025-05-17,0.95,1188,1198
logs_sample.jsonl,328,full_log_record,DATE_TIME,2025-05-24,0.95,1220,1230
logs_sample.jsonl,328,full_log_record,LOCATION,kb_search      ,0.85,603,618
logs_sample.jsonl,328,full_log_record,LOCATION,Newton,0.85,974,980
logs_sample.jsonl,328,full_log_record,DATE_TIME,2021-09-30,0.85,1045,1055
logs_sample.jsonl,328,full_log_record,DATE_TIME,1932,0.85,1454,1458
logs_sample.jsonl,328,full_log_record,PHONE_NUMBER,+1-617-555-0192,0.75,915,930
logs_sample.jsonl,328,full_log_record,URL,example.org,0.5,891,902
logs_sample.jsonl,328,full_log_record,PHONE_NUMBER,1721044799,0.4,7,17
logs_sample.jsonl,328,full_log_record,PHONE_NUMBER,1721044799,0.4,88,98
logs_sample.jsonl,328,full_log_record,US_BANK_NUMBER,1721044799,0.05,7,17
logs_sample.jsonl,329,full_log_record,PHONE_NUMBER,1721044936,0.4,7,17
logs_sample.jsonl,329,full_log_record,PHONE_NUMBER,1721044936,0.4,90,100
logs_sample.jsonl,329,full_log_record,US_BANK_NUMBER,1721044936,0.05,7,17
logs_sample.jsonl,330,full_log_record,PHONE_NUMBER,1721045073,0.4,7,17
logs_sample.jsonl,330,full_log_record,PHONE_NUMBER,1721045073,0.4,88,98
logs_sample.jsonl,330,full_log_record,US_BANK_NUMBER,1721045073,0.05,7,17
logs_sample.jsonl,331,full_log_record,IP_ADDRESS,32.189.130.213,0.95,230,244
logs_sample.jsonl,331,full_log_record,DATE_TIME,1721045210,0.85,7,17
logs_sample.jsonl,331,full_log_record,PHONE_NUMBER,1721045210,0.4,7,17
logs_sample.jsonl,331,full_log_record,PHONE_NUMBER,1721045210,0.4,90,100
logs_sample.jsonl,331,full_log_record,US_BANK_NUMBER,1721045210,0.05,7,17
logs_sample.jsonl,332,full_log_record,EMAIL_ADDRESS,tomas.delgado@example.org,1.0,176,201
logs_sample.jsonl,332,full_log_record,EMAIL_ADDRESS,tomas.delgado@example.org,1.0,288,313
logs_sample.jsonl,332,full_log_record,DATE_TIME,1721045347,0.85,7,17
logs_sample.jsonl,332,full_log_record,PERSON,Delgado,0.85,268,275
logs_sample.jsonl,332,full_log_record,LOCATION,Miami,0.85,390,395
logs_sample.jsonl,332,full_log_record,LOCATION,FL,0.85,397,399
logs_sample.jsonl,332,full_log_record,PHONE_NUMBER,+1-786-555-0121,0.75,326,341
logs_sample.jsonl,332,full_log_record,URL,tomas.de,0.5,176,184
logs_sample.jsonl,332,full_log_record,URL,example.org,0.5,190,201
logs_sample.jsonl,332,full_log_record,URL,tomas.de,0.5,288,296
logs_sample.jsonl,332,full_log_record,URL,example.org,0.5,302,313
logs_sample.jsonl,332,full_log_record,PHONE_NUMBER,1721045347,0.4,7,17
logs_sample.jsonl,332,full_log_record,PHONE_NUMBER,1721045347,0.4,88,98
logs_sample.jsonl,332,full_log_record,US_BANK_NUMBER,1721045347,0.05,7,17
logs_sample.jsonl,333,full_log_record,EMAIL_ADDRESS,marcus.webb@example.com,1.0,884,907
logs_sample.jsonl,333,full_log_record,DATE_TIME,2024-07-27,0.95,1199,1209
logs_sample.jsonl,333,full_log_record,DATE_TIME,2024-07-28,0.95,1231,1241
logs_sample.jsonl,333,full_log_record,LOCATION,kb_search      ,0.85,603,618
logs_sample.jsonl,333,full_log_record,PERSON,Marcus Webb,0.85,860,871
logs_sample.jsonl,333,full_log_record,DATE_TIME,1877,0.85,959,963
logs_sample.jsonl,333,full_log_record,LOCATION,Chicago,0.85,985,992
logs_sample.jsonl,333,full_log_record,DATE_TIME,8802,0.85,1030,1034
logs_sample.jsonl,333,full_log_record,DATE_TIME,2023-04-11,0.85,1057,1067
logs_sample.jsonl,333,full_log_record,PHONE_NUMBER,+1-312-555-0143,0.75,920,935
logs_sample.jsonl,333,full_log_record,URL,example.com,0.5,896,907
logs_sample.jsonl,333,full_log_record,PHONE_NUMBER,1721045484,0.4,7,17
logs_sample.jsonl,333,full_log_record,PHONE_NUMBER,1721045484,0.4,88,98
logs_sample.jsonl,333,full_log_record,US_BANK_NUMBER,1721045484,0.05,7,17
logs_sample.jsonl,334,full_log_record,PHONE_NUMBER,1721045621,0.4,7,17
logs_sample.jsonl,334,full_log_record,PHONE_NUMBER,1721045621,0.4,90,100
logs_sample.jsonl,334,full_log_record,US_BANK_NUMBER,1721045621,0.05,7,17
logs_sample.jsonl,335,full_log_record,DATE_TIME,1721045758,0.85,7,17
logs_sample.jsonl,335,full_log_record,PHONE_NUMBER,1721045758,0.4,7,17
logs_sample.jsonl,335,full_log_record,PHONE_NUMBER,1721045758,0.4,88,98
logs_sample.jsonl,335,full_log_record,US_BANK_NUMBER,1721045758,0.05,7,17
logs_sample.jsonl,336,full_log_record,IP_ADDRESS,93.224.229.132,0.95,196,210
logs_sample.jsonl,336,full_log_record,DATE_TIME,1721045895,0.85,7,17
logs_sample.jsonl,336,full_log_record,PHONE_NUMBER,1721045895,0.4,7,17
logs_sample.jsonl,336,full_log_record,PHONE_NUMBER,1721045895,0.4,90,100
logs_sample.jsonl,336,full_log_record,US_BANK_NUMBER,1721045895,0.05,7,17
logs_sample.jsonl,337,full_log_record,EMAIL_ADDRESS,sofia.bergqvist@example.com,1.0,176,203
logs_sample.jsonl,337,full_log_record,EMAIL_ADDRESS,sofia.bergqvist@example.com,1.0,287,314
logs_sample.jsonl,337,full_log_record,DATE_TIME,1721046032,0.85,7,17
logs_sample.jsonl,337,full_log_record,PERSON,Sofia Bergqvist,0.85,259,274
logs_sample.jsonl,337,full_log_record,LOCATION,Seattle,0.85,388,395
logs_sample.jsonl,337,full_log_record,LOCATION,WA,0.85,397,399
logs_sample.jsonl,337,full_log_record,PHONE_NUMBER,+1-206-555-0165,0.75,327,342
logs_sample.jsonl,337,full_log_record,URL,sofia.be,0.5,176,184
logs_sample.jsonl,337,full_log_record,URL,example.com,0.5,192,203
logs_sample.jsonl,337,full_log_record,URL,sofia.be,0.5,287,295
logs_sample.jsonl,337,full_log_record,URL,example.com,0.5,303,314
logs_sample.jsonl,337,full_log_record,PHONE_NUMBER,1721046032,0.4,7,17
logs_sample.jsonl,337,full_log_record,PHONE_NUMBER,1721046032,0.4,88,98
logs_sample.jsonl,337,full_log_record,US_BANK_NUMBER,1721046032,0.05,7,17
logs_sample.jsonl,338,full_log_record,EMAIL_ADDRESS,sofia.bergqvist@example.com,1.0,874,901
logs_sample.jsonl,338,full_log_record,DATE_TIME,2025-06-07,0.95,1189,1199
logs_sample.jsonl,338,full_log_record,DATE_TIME,2025-06-13,0.95,1221,1231
logs_sample.jsonl,338,full_log_record,LOCATION,kb_search      ,0.85,603,618
logs_sample.jsonl,338,full_log_record,PERSON,Sofia Bergqvist,0.85,846,861
logs_sample.jsonl,338,full_log_record,LOCATION,Seattle,0.85,975,982
logs_sample.jsonl,338,full_log_record,LOCATION,WA,0.85,984,986
logs_sample.jsonl,338,full_log_record,DATE_TIME,2025-06-08,0.85,1047,1057
logs_sample.jsonl,338,full_log_record,PHONE_NUMBER,+1-206-555-0165,0.75,914,929
logs_sample.jsonl,338,full_log_record,URL,sofia.be,0.5,874,882
logs_sample.jsonl,338,full_log_record,URL,example.com,0.5,890,901
logs_sample.jsonl,338,full_log_record,PHONE_NUMBER,1721046169,0.4,7,17
logs_sample.jsonl,338,full_log_record,PHONE_NUMBER,1721046169,0.4,88,98
logs_sample.jsonl,338,full_log_record,US_BANK_NUMBER,1721046169,0.05,7,17
logs_sample.jsonl,339,full_log_record,PHONE_NUMBER,1721046306,0.4,7,17
logs_sample.jsonl,339,full_log_record,PHONE_NUMBER,1721046306,0.4,90,100
logs_sample.jsonl,339,full_log_record,US_BANK_NUMBER,1721046306,0.05,7,17
logs_sample.jsonl,340,full_log_record,PERSON,Kessler,0.85,182,189
logs_sample.jsonl,340,full_log_record,PHONE_NUMBER,1721046443,0.4,7,17
logs_sample.jsonl,340,full_log_record,PHONE_NUMBER,1721046443,0.4,88,98
logs_sample.jsonl,340,full_log_record,US_BANK_NUMBER,1721046443,0.05,7,17
logs_sample.jsonl,341,full_log_record,IP_ADDRESS,67.146.52.95,0.95,221,233
logs_sample.jsonl,341,full_log_record,DATE_TIME,1721046580,0.85,7,17
logs_sample.jsonl,341,full_log_record,DATE_TIME,last month,0.85,194,204
logs_sample.jsonl,341,full_log_record,PHONE_NUMBER,1721046580,0.4,7,17
logs_sample.jsonl,341,full_log_record,PHONE_NUMBER,1721046580,0.4,90,100
logs_sample.jsonl,341,full_log_record,US_BANK_NUMBER,1721046580,0.05,7,17
logs_sample.jsonl,342,full_log_record,EMAIL_ADDRESS,priya.raghunathan@example.org,1.0,176,205
logs_sample.jsonl,342,full_log_record,EMAIL_ADDRESS,priya.raghunathan@example.org,1.0,291,320
logs_sample.jsonl,342,full_log_record,LOCATION,Newton,0.85,392,398
logs_sample.jsonl,342,full_log_record,PHONE_NUMBER,+1-617-555-0192,0.75,333,348
logs_sample.jsonl,342,full_log_record,URL,example.org,0.5,194,205
logs_sample.jsonl,342,full_log_record,URL,example.org,0.5,309,320
logs_sample.jsonl,342,full_log_record,PHONE_NUMBER,1721046717,0.4,7,17
logs_sample.jsonl,342,full_log_record,PHONE_NUMBER,1721046717,0.4,88,98
logs_sample.jsonl,342,full_log_record,US_BANK_NUMBER,1721046717,0.05,7,17
logs_sample.jsonl,343,full_log_record,EMAIL_ADDRESS,sofia.bergqvist@example.com,1.0,874,901
logs_sample.jsonl,343,full_log_record,DATE_TIME,2026-07-25,0.95,1189,1199
logs_sample.jsonl,343,full_log_record,DATE_TIME,2026-07-30,0.95,1221,1231
logs_sample.jsonl,343,full_log_record,LOCATION,kb_search      ,0.85,604,619
logs_sample.jsonl,343,full_log_record,DATE_TIME,two weeks,0.85,740,749
logs_sample.jsonl,343,full_log_record,PERSON,Sofia Bergqvist,0.85,846,861
logs_sample.jsonl,343,full_log_record,LOCATION,Seattle,0.85,975,982
logs_sample.jsonl,343,full_log_record,LOCATION,WA,0.85,984,986
logs_sample.jsonl,343,full_log_record,DATE_TIME,2025-06-08,0.85,1047,1057
logs_sample.jsonl,343,full_log_record,PHONE_NUMBER,+1-206-555-0165,0.75,914,929
logs_sample.jsonl,343,full_log_record,URL,sofia.be,0.5,874,882
logs_sample.jsonl,343,full_log_record,URL,example.com,0.5,890,901
logs_sample.jsonl,343,full_log_record,PHONE_NUMBER,1721046854,0.4,7,17
logs_sample.jsonl,343,full_log_record,PHONE_NUMBER,1721046854,0.4,89,99
logs_sample.jsonl,343,full_log_record,US_BANK_NUMBER,1721046854,0.05,7,17
logs_sample.jsonl,344,full_log_record,PHONE_NUMBER,1721046991,0.4,7,17
logs_sample.jsonl,344,full_log_record,PHONE_NUMBER,1721046991,0.4,90,100
logs_sample.jsonl,344,full_log_record,US_BANK_NUMBER,1721046991,0.05,7,17
logs_sample.jsonl,345,full_log_record,EMAIL_ADDRESS,sofia.bergqvist@example.com,1.0,284,311
logs_sample.jsonl,345,full_log_record,DATE_TIME,1721047128,0.85,7,17
logs_sample.jsonl,345,full_log_record,DATE_TIME,9034,0.85,351,355
logs_sample.jsonl,345,full_log_record,DATE_TIME,RF-2026-88344,0.85,387,400
logs_sample.jsonl,345,full_log_record,URL,sofia.be,0.5,284,292
logs_sample.jsonl,345,full_log_record,URL,example.com,0.5,300,311
logs_sample.jsonl,345,full_log_record,PHONE_NUMBER,1721047128,0.4,7,17
logs_sample.jsonl,345,full_log_record,PHONE_NUMBER,1721047128,0.4,88,98
logs_sample.jsonl,345,full_log_record,US_BANK_NUMBER,1721047128,0.05,7,17
logs_sample.jsonl,346,full_log_record,IP_ADDRESS,24.146.67.5,0.95,220,231
logs_sample.jsonl,346,full_log_record,PHONE_NUMBER,1721047265,0.4,7,17
logs_sample.jsonl,346,full_log_record,PHONE_NUMBER,1721047265,0.4,90,100
logs_sample.jsonl,346,full_log_record,US_BANK_NUMBER,1721047265,0.05,7,17
logs_sample.jsonl,347,full_log_record,EMAIL_ADDRESS,tomas.delgado@example.org,1.0,176,201
logs_sample.jsonl,347,full_log_record,EMAIL_ADDRESS,tomas.delgado@example.org,1.0,288,313
logs_sample.jsonl,347,full_log_record,DATE_TIME,1721047402,0.85,7,17
logs_sample.jsonl,347,full_log_record,PERSON,Delgado,0.85,268,275
logs_sample.jsonl,347,full_log_record,LOCATION,Miami,0.85,390,395
logs_sample.jsonl,347,full_log_record,LOCATION,FL,0.85,397,399
logs_sample.jsonl,347,full_log_record,PHONE_NUMBER,+1-786-555-0121,0.75,326,341
logs_sample.jsonl,347,full_log_record,URL,tomas.de,0.5,176,184
logs_sample.jsonl,347,full_log_record,URL,example.org,0.5,190,201
logs_sample.jsonl,347,full_log_record,URL,tomas.de,0.5,288,296
logs_sample.jsonl,347,full_log_record,URL,example.org,0.5,302,313
logs_sample.jsonl,347,full_log_record,PHONE_NUMBER,1721047402,0.4,7,17
logs_sample.jsonl,347,full_log_record,PHONE_NUMBER,1721047402,0.4,88,98
logs_sample.jsonl,347,full_log_record,US_BANK_NUMBER,1721047402,0.05,7,17
logs_sample.jsonl,348,full_log_record,EMAIL_ADDRESS,priya.raghunathan@example.org,1.0,880,909
logs_sample.jsonl,348,full_log_record,DATE_TIME,2021-08-26,0.95,1195,1205
logs_sample.jsonl,348,full_log_record,DATE_TIME,2021-08-28,0.95,1227,1237
logs_sample.jsonl,348,full_log_record,DATE_TIME,1721047539,0.85,7,17
logs_sample.jsonl,348,full_log_record,LOCATION,kb_search      ,0.85,603,618
logs_sample.jsonl,348,full_log_record,LOCATION,Newton,0.85,981,987
logs_sample.jsonl,348,full_log_record,DATE_TIME,2021-09-30,0.85,1052,1062
logs_sample.jsonl,348,full_log_record,PERSON,Marlowe,0.85,1284,1291
logs_sample.jsonl,348,full_log_record,LOCATION,Ridge Planter,0.85,1370,1383
logs_sample.jsonl,348,full_log_record,DATE_TIME,1853,0.85,1474,1478
logs_sample.jsonl,348,full_log_record,PHONE_NUMBER,+1-617-555-0192,0.75,922,937
logs_sample.jsonl,348,full_log_record,URL,example.org,0.5,898,909
logs_sample.jsonl,348,full_log_record,PHONE_NUMBER,1721047539,0.4,7,17
logs_sample.jsonl,348,full_log_record,PHONE_NUMBER,1721047539,0.4,88,98
logs_sample.jsonl,348,full_log_record,US_BANK_NUMBER,1721047539,0.05,7,17
logs_sample.jsonl,349,full_log_record,DATE_TIME,1721047676,0.85,7,17
logs_sample.jsonl,349,full_log_record,PHONE_NUMBER,1721047676,0.4,7,17
logs_sample.jsonl,349,full_log_record,PHONE_NUMBER,1721047676,0.4,90,100
logs_sample.jsonl,349,full_log_record,US_BANK_NUMBER,1721047676,0.05,7,17
logs_sample.jsonl,350,full_log_record,DATE_TIME,two weeks,0.85,204,213
logs_sample.jsonl,350,full_log_record,PHONE_NUMBER,1721047813,0.4,7,17
logs_sample.jsonl,350,full_log_record,PHONE_NUMBER,1721047813,0.4,88,98
logs_sample.jsonl,350,full_log_record,US_BANK_NUMBER,1721047813,0.05,7,17
logs_sample.jsonl,351,full_log_record,IP_ADDRESS,161.21.34.19,0.95,252,264
logs_sample.jsonl,351,full_log_record,DATE_TIME,1721047950,0.85,7,17
logs_sample.jsonl,351,full_log_record,DATE_TIME,three weeks,0.85,178,189
logs_sample.jsonl,351,full_log_record,PHONE_NUMBER,1721047950,0.4,7,17
logs_sample.jsonl,351,full_log_record,PHONE_NUMBER,1721047950,0.4,90,100
logs_sample.jsonl,351,full_log_record,US_BANK_NUMBER,1721047950,0.05,7,17
logs_sample.jsonl,352,full_log_record,EMAIL_ADDRESS,priya.raghunathan@example.org,1.0,176,205
logs_sample.jsonl,352,full_log_record,EMAIL_ADDRESS,priya.raghunathan@example.org,1.0,291,320
logs_sample.jsonl,352,full_log_record,LOCATION,Newton,0.85,392,398
logs_sample.jsonl,352,full_log_record,PHONE_NUMBER,+1-617-555-0192,0.75,333,348
logs_sample.jsonl,352,full_log_record,URL,example.org,0.5,194,205
logs_sample.jsonl,352,full_log_record,URL,example.org,0.5,309,320
logs_sample.jsonl,352,full_log_record,PHONE_NUMBER,1721048087,0.4,7,17
logs_sample.jsonl,352,full_log_record,PHONE_NUMBER,1721048087,0.4,88,98
logs_sample.jsonl,352,full_log_record,US_BANK_NUMBER,1721048087,0.05,7,17
logs_sample.jsonl,353,full_log_record,EMAIL_ADDRESS,tomas.delgado@example.org,1.0,879,904
logs_sample.jsonl,353,full_log_record,DATE_TIME,2022-07-27,0.95,1193,1203
logs_sample.jsonl,353,full_log_record,DATE_TIME,2022-07-28,0.95,1225,1235
logs_sample.jsonl,353,full_log_record,DATE_TIME,1721048224,0.85,7,17
logs_sample.jsonl,353,full_log_record,LOCATION,kb_search      ,0.85,603,618
logs_sample.jsonl,353,full_log_record,PERSON,Delgado,0.85,859,866
logs_sample.jsonl,353,full_log_record,LOCATION,Miami,0.85,981,986
logs_sample.jsonl,353,full_log_record,LOCATION,FL,0.85,988,990
logs_sample.jsonl,353,full_log_record,DATE_TIME,2022-11-03,0.85,1051,1061
logs_sample.jsonl,353,full_log_record,PHONE_NUMBER,+1-786-555-0121,0.75,917,932
logs_sample.jsonl,353,full_log_record,URL,tomas.de,0.5,879,887
logs_sample.jsonl,353,full_log_record,URL,example.org,0.5,893,904
logs_sample.jsonl,353,full_log_record,PHONE_NUMBER,1721048224,0.4,7,17
logs_sample.jsonl,353,full_log_record,PHONE_NUMBER,1721048224,0.4,88,98
logs_sample.jsonl,353,full_log_record,US_BANK_NUMBER,1721048224,0.05,7,17
logs_sample.jsonl,354,full_log_record,DATE_TIME,4 business hours,0.85,217,233
logs_sample.jsonl,354,full_log_record,PHONE_NUMBER,1721048361,0.4,7,17
logs_sample.jsonl,354,full_log_record,PHONE_NUMBER,1721048361,0.4,90,100
logs_sample.jsonl,354,full_log_record,US_BANK_NUMBER,1721048361,0.05,7,17
logs_sample.jsonl,355,full_log_record,EMAIL_ADDRESS,daniel.okonkwo@example.net,1.0,282,308
logs_sample.jsonl,355,full_log_record,PERSON,sess_1721048498_d7c014,0.85,83,105
logs_sample.jsonl,355,full_log_record,PERSON,Daniel Okonkwo,0.85,266,280
logs_sample.jsonl,355,full_log_record,DATE_TIME,RF-2026-88354,0.85,384,397
logs_sample.jsonl,355,full_log_record,URL,example.net,0.5,297,308
logs_sample.jsonl,355,full_log_record,PHONE_NUMBER,1721048498,0.4,7,17
logs_sample.jsonl,355,full_log_record,PHONE_NUMBER,1721048498,0.4,88,98
logs_sample.jsonl,355,full_log_record,US_BANK_NUMBER,1721048498,0.05,7,17
logs_sample.jsonl,356,full_log_record,IP_ADDRESS,181.246.102.31,0.95,213,227
logs_sample.jsonl,356,full_log_record,DATE_TIME,181.246.102.31,0.85,213,227
logs_sample.jsonl,356,full_log_record,PHONE_NUMBER,1721048635,0.4,7,17
logs_sample.jsonl,356,full_log_record,PHONE_NUMBER,1721048635,0.4,90,100
logs_sample.jsonl,356,full_log_record,PHONE_NUMBER,181.246.102.31,0.4,213,227
logs_sample.jsonl,356,full_log_record,US_BANK_NUMBER,1721048635,0.05,7,17
logs_sample.jsonl,357,full_log_record,EMAIL_ADDRESS,priya.raghunathan@example.org,1.0,176,205
logs_sample.jsonl,357,full_log_record,EMAIL_ADDRESS,priya.raghunathan@example.org,1.0,291,320
logs_sample.jsonl,357,full_log_record,LOCATION,Newton,0.85,392,398
logs_sample.jsonl,357,full_log_record,PHONE_NUMBER,+1-617-555-0192,0.75,333,348
logs_sample.jsonl,357,full_log_record,URL,example.org,0.5,194,205
logs_sample.jsonl,357,full_log_record,URL,example.org,0.5,309,320
logs_sample.jsonl,357,full_log_record,PHONE_NUMBER,1721048772,0.4,7,17
logs_sample.jsonl,357,full_log_record,PHONE_NUMBER,1721048772,0.4,88,98
logs_sample.jsonl,357,full_log_record,US_BANK_NUMBER,1721048772,0.05,7,17
logs_sample.jsonl,358,full_log_record,EMAIL_ADDRESS,tomas.delgado@example.org,1.0,891,916
logs_sample.jsonl,358,full_log_record,DATE_TIME,2025-08-27,0.95,1205,1215
logs_sample.jsonl,358,full_log_record,DATE_TIME,2025-08-28,0.95,1237,1247
logs_sample.jsonl,358,full_log_record,DATE_TIME,1721048909,0.85,7,17
logs_sample.jsonl,358,full_log_record,LOCATION,kb_search      ,0.85,603,618
logs_sample.jsonl,358,full_log_record,PERSON,Delgado,0.85,871,878
logs_sample.jsonl,358,full_log_record,LOCATION,Miami,0.85,993,998
logs_sample.jsonl,358,full_log_record,LOCATION,FL,0.85,1000,1002
logs_sample.jsonl,358,full_log_record,DATE_TIME,2022-11-03,0.85,1063,1073
logs_sample.jsonl,358,full_log_record,PHONE_NUMBER,+1-786-555-0121,0.75,929,944
logs_sample.jsonl,358,full_log_record,URL,tomas.de,0.5,891,899
logs_sample.jsonl,358,full_log_record,URL,example.org,0.5,905,916
logs_sample.jsonl,358,full_log_record,PHONE_NUMBER,1721048909,0.4,7,17
logs_sample.jsonl,358,full_log_record,PHONE_NUMBER,1721048909,0.4,88,98
logs_sample.jsonl,358,full_log_record,US_BANK_NUMBER,1721048909,0.05,7,17
logs_sample.jsonl,359,full_log_record,PHONE_NUMBER,1721049046,0.4,7,17
logs_sample.jsonl,359,full_log_record,PHONE_NUMBER,1721049046,0.4,90,100
logs_sample.jsonl,359,full_log_record,US_BANK_NUMBER,1721049046,0.05,7,17
logs_sample.jsonl,360,full_log_record,PERSON,Kessler,0.85,182,189
logs_sample.jsonl,360,full_log_record,PHONE_NUMBER,1721049183,0.4,7,17
logs_sample.jsonl,360,full_log_record,PHONE_NUMBER,1721049183,0.4,88,98
logs_sample.jsonl,360,full_log_record,US_BANK_NUMBER,1721049183,0.05,7,17
logs_sample.jsonl,361,full_log_record,IP_ADDRESS,68.117.16.71,0.95,226,238
logs_sample.jsonl,361,full_log_record,DATE_TIME,ORD-2026-5010,0.85,196,209
logs_sample.jsonl,361,full_log_record,PHONE_NUMBER,1721049320,0.4,7,17
logs_sample.jsonl,361,full_log_record,PHONE_NUMBER,1721049320,0.4,90,100
logs_sample.jsonl,361,full_log_record,US_BANK_NUMBER,1721049320,0.05,7,17
logs_sample.jsonl,362,full_log_record,EMAIL_ADDRESS,sofia.bergqvist@example.com,1.0,176,203
logs_sample.jsonl,362,full_log_record,EMAIL_ADDRESS,sofia.bergqvist@example.com,1.0,287,314
logs_sample.jsonl,362,full_log_record,PERSON,Sofia Bergqvist,0.85,259,274
logs_sample.jsonl,362,full_log_record,LOCATION,Seattle,0.85,388,395
logs_sample.jsonl,362,full_log_record,LOCATION,WA,0.85,397,399
logs_sample.jsonl,362,full_log_record,PHONE_NUMBER,+1-206-555-0165,0.75,327,342
logs_sample.jsonl,362,full_log_record,URL,sofia.be,0.5,176,184
logs_sample.jsonl,362,full_log_record,URL,example.com,0.5,192,203
logs_sample.jsonl,362,full_log_record,URL,sofia.be,0.5,287,295
logs_sample.jsonl,362,full_log_record,URL,example.com,0.5,303,314
logs_sample.jsonl,362,full_log_record,PHONE_NUMBER,1721049457,0.4,7,17
logs_sample.jsonl,362,full_log_record,PHONE_NUMBER,1721049457,0.4,88,98
logs_sample.jsonl,362,full_log_record,US_BANK_NUMBER,1721049457,0.05,7,17
logs_sample.jsonl,363,full_log_record,EMAIL_ADDRESS,sofia.bergqvist@example.com,1.0,878,905
logs_sample.jsonl,363,full_log_record,DATE_TIME,2026-07-25,0.95,1193,1203
logs_sample.jsonl,363,full_log_record,DATE_TIME,2026-07-30,0.95,1225,1235
logs_sample.jsonl,363,full_log_record,LOCATION,kb_search      ,0.85,603,618
logs_sample.jsonl,363,full_log_record,PERSON,Sofia Bergqvist,0.85,850,865
logs_sample.jsonl,363,full_log_record,LOCATION,Seattle,0.85,979,986
logs_sample.jsonl,363,full_log_record,LOCATION,WA,0.85,988,990
logs_sample.jsonl,363,full_log_record,DATE_TIME,2025-06-08,0.85,1051,1061
logs_sample.jsonl,363,full_log_record,PHONE_NUMBER,+1-206-555-0165,0.75,918,933
logs_sample.jsonl,363,full_log_record,URL,sofia.be,0.5,878,886
logs_sample.jsonl,363,full_log_record,URL,example.com,0.5,894,905
logs_sample.jsonl,363,full_log_record,PHONE_NUMBER,1721049594,0.4,7,17
logs_sample.jsonl,363,full_log_record,PHONE_NUMBER,1721049594,0.4,88,98
logs_sample.jsonl,363,full_log_record,US_BANK_NUMBER,1721049594,0.05,7,17
logs_sample.jsonl,364,full_log_record,PHONE_NUMBER,1721049731,0.4,7,17
logs_sample.jsonl,364,full_log_record,PHONE_NUMBER,1721049731,0.4,90,100
logs_sample.jsonl,364,full_log_record,US_BANK_NUMBER,1721049731,0.05,7,17
logs_sample.jsonl,365,full_log_record,PHONE_NUMBER,1721049868,0.4,7,17
logs_sample.jsonl,365,full_log_record,PHONE_NUMBER,1721049868,0.4,88,98
logs_sample.jsonl,365,full_log_record,US_BANK_NUMBER,1721049868,0.05,7,17
logs_sample.jsonl,366,full_log_record,IP_ADDRESS,178.174.42.2,0.95,230,242
logs_sample.jsonl,366,full_log_record,PHONE_NUMBER,1721050005,0.4,7,17
logs_sample.jsonl,366,full_log_record,PHONE_NUMBER,1721050005,0.4,90,100
logs_sample.jsonl,366,full_log_record,US_BANK_NUMBER,1721050005,0.05,7,17
logs_sample.jsonl,367,full_log_record,EMAIL_ADDRESS,sofia.bergqvist@example.com,1.0,176,203
logs_sample.jsonl,367,full_log_record,EMAIL_ADDRESS,sofia.bergqvist@example.com,1.0,287,314
logs_sample.jsonl,367,full_log_record,PERSON,Sofia Bergqvist,0.85,259,274
logs_sample.jsonl,367,full_log_record,LOCATION,Seattle,0.85,388,395
logs_sample.jsonl,367,full_log_record,LOCATION,WA,0.85,397,399
logs_sample.jsonl,367,full_log_record,PHONE_NUMBER,+1-206-555-0165,0.75,327,342
logs_sample.jsonl,367,full_log_record,URL,sofia.be,0.5,176,184
logs_sample.jsonl,367,full_log_record,URL,example.com,0.5,192,203
logs_sample.jsonl,367,full_log_record,URL,sofia.be,0.5,287,295
logs_sample.jsonl,367,full_log_record,URL,example.com,0.5,303,314
logs_sample.jsonl,367,full_log_record,PHONE_NUMBER,1721050142,0.4,7,17
logs_sample.jsonl,367,full_log_record,PHONE_NUMBER,1721050142,0.4,88,98
logs_sample.jsonl,367,full_log_record,US_BANK_NUMBER,1721050142,0.05,7,17
logs_sample.jsonl,368,full_log_record,EMAIL_ADDRESS,sofia.bergqvist@example.com,1.0,910,937
logs_sample.jsonl,368,full_log_record,DATE_TIME,2026-07-25,0.95,1225,1235
logs_sample.jsonl,368,full_log_record,DATE_TIME,2026-07-30,0.95,1257,1267
logs_sample.jsonl,368,full_log_record,LOCATION,kb_search      ,0.85,603,618
logs_sample.jsonl,368,full_log_record,DATE_TIME,three weeks,0.85,728,739
logs_sample.jsonl,368,full_log_record,PERSON,Sofia Bergqvist,0.85,882,897
logs_sample.jsonl,368,full_log_record,LOCATION,Seattle,0.85,1011,1018
logs_sample.jsonl,368,full_log_record,LOCATION,WA,0.85,1020,1022
logs_sample.jsonl,368,full_log_record,DATE_TIME,2025-06-08,0.85,1083,1093
logs_sample.jsonl,368,full_log_record,DATE_TIME,1102,0.85,1416,1420
logs_sample.jsonl,368,full_log_record,PHONE_NUMBER,+1-206-555-0165,0.75,950,965
logs_sample.jsonl,368,full_log_record,URL,sofia.be,0.5,910,918
logs_sample.jsonl,368,full_log_record,URL,example.com,0.5,926,937
logs_sample.jsonl,368,full_log_record,PHONE_NUMBER,1721050279,0.4,7,17
logs_sample.jsonl,368,full_log_record,PHONE_NUMBER,1721050279,0.4,88,98
logs_sample.jsonl,368,full_log_record,US_BANK_NUMBER,1721050279,0.05,7,17
logs_sample.jsonl,369,full_log_record,DATE_TIME,30-day,0.85,173,179
logs_sample.jsonl,369,full_log_record,PHONE_NUMBER,1721050416,0.4,7,17
logs_sample.jsonl,369,full_log_record,PHONE_NUMBER,1721050416,0.4,90,100
logs_sample.jsonl,369,full_log_record,US_BANK_NUMBER,1721050416,0.05,7,17
logs_sample.jsonl,370,full_log_record,EMAIL_ADDRESS,daniel.okonkwo@example.net,1.0,286,312
logs_sample.jsonl,370,full_log_record,DATE_TIME,1721050553,0.85,7,17
logs_sample.jsonl,370,full_log_record,PERSON,Daniel Okonkwo,0.85,270,284
logs_sample.jsonl,370,full_log_record,DATE_TIME,RF-2026-88369,0.85,388,401
logs_sample.jsonl,370,full_log_record,URL,example.net,0.5,301,312
logs_sample.jsonl,370,full_log_record,PHONE_NUMBER,1721050553,0.4,7,17
logs_sample.jsonl,370,full_log_record,PHONE_NUMBER,1721050553,0.4,88,98
logs_sample.jsonl,370,full_log_record,US_BANK_NUMBER,1721050553,0.05,7,17
logs_sample.jsonl,371,full_log_record,IP_ADDRESS,180.200.57.158,0.95,215,229
logs_sample.jsonl,371,full_log_record,DATE_TIME,two weeks,0.85,189,198
logs_sample.jsonl,371,full_log_record,PHONE_NUMBER,1721050690,0.4,7,17
logs_sample.jsonl,371,full_log_record,PHONE_NUMBER,1721050690,0.4,90,100
logs_sample.jsonl,371,full_log_record,US_BANK_NUMBER,1721050690,0.05,7,17
logs_sample.jsonl,372,full_log_record,EMAIL_ADDRESS,tomas.delgado@example.org,1.0,176,201
logs_sample.jsonl,372,full_log_record,EMAIL_ADDRESS,tomas.delgado@example.org,1.0,288,313
logs_sample.jsonl,372,full_log_record,PERSON,Delgado,0.85,268,275
logs_sample.jsonl,372,full_log_record,LOCATION,Miami,0.85,390,395
logs_sample.jsonl,372,full_log_record,LOCATION,FL,0.85,397,399
logs_sample.jsonl,372,full_log_record,PHONE_NUMBER,+1-786-555-0121,0.75,326,341
logs_sample.jsonl,372,full_log_record,URL,tomas.de,0.5,176,184
logs_sample.jsonl,372,full_log_record,URL,example.org,0.5,190,201
logs_sample.jsonl,372,full_log_record,URL,tomas.de,0.5,288,296
logs_sample.jsonl,372,full_log_record,URL,example.org,0.5,302,313
logs_sample.jsonl,372,full_log_record,PHONE_NUMBER,1721050827,0.4,7,17
logs_sample.jsonl,372,full_log_record,PHONE_NUMBER,1721050827,0.4,88,98
logs_sample.jsonl,372,full_log_record,US_BANK_NUMBER,1721050827,0.05,7,17
logs_sample.jsonl,373,full_log_record,EMAIL_ADDRESS,sofia.bergqvist@example.com,1.0,868,895
logs_sample.jsonl,373,full_log_record,DATE_TIME,2025-06-07,0.95,1183,1193
logs_sample.jsonl,373,full_log_record,DATE_TIME,2025-06-13,0.95,1215,1225
logs_sample.jsonl,373,full_log_record,LOCATION,sess_1721050964_46d916,0.85,83,105
logs_sample.jsonl,373,full_log_record,LOCATION,kb_search      ,0.85,603,618
logs_sample.jsonl,373,full_log_record,PERSON,Kessler,0.85,717,724
logs_sample.jsonl,373,full_log_record,PERSON,Sofia Bergqvist,0.85,840,855
logs_sample.jsonl,373,full_log_record,LOCATION,Seattle,0.85,969,976
logs_sample.jsonl,373,full_log_record,LOCATION,WA,0.85,978,980
logs_sample.jsonl,373,full_log_record,DATE_TIME,2025-06-08,0.85,1041,1051
logs_sample.jsonl,373,full_log_record,DATE_TIME,1752,0.85,1451,1455
logs_sample.jsonl,373,full_log_record,PHONE_NUMBER,+1-206-555-0165,0.75,908,923
logs_sample.jsonl,373,full_log_record,URL,sofia.be,0.5,868,876
logs_sample.jsonl,373,full_log_record,URL,example.com,0.5,884,895
logs_sample.jsonl,373,full_log_record,PHONE_NUMBER,1721050964,0.4,7,17
logs_sample.jsonl,373,full_log_record,PHONE_NUMBER,1721050964,0.4,88,98
logs_sample.jsonl,373,full_log_record,US_BANK_NUMBER,1721050964,0.05,7,17
logs_sample.jsonl,374,full_log_record,PHONE_NUMBER,1721051101,0.4,7,17
logs_sample.jsonl,374,full_log_record,PHONE_NUMBER,1721051101,0.4,90,100
logs_sample.jsonl,374,full_log_record,US_BANK_NUMBER,1721051101,0.05,7,17
logs_sample.jsonl,375,full_log_record,EMAIL_ADDRESS,daniel.okonkwo@example.net,1.0,287,313
logs_sample.jsonl,375,full_log_record,PERSON,Daniel Okonkwo,0.85,271,285
logs_sample.jsonl,375,full_log_record,URL,example.net,0.5,302,313
logs_sample.jsonl,375,full_log_record,PHONE_NUMBER,1721051238,0.4,7,17
logs_sample.jsonl,375,full_log_record,PHONE_NUMBER,1721051238,0.4,88,98
logs_sample.jsonl,375,full_log_record,PHONE_NUMBER,397716,0.4,99,105
logs_sample.jsonl,375,full_log_record,US_BANK_NUMBER,1721051238,0.05,7,17
logs_sample.jsonl,376,full_log_record,IP_ADDRESS,170.90.218.23,0.95,196,209
logs_sample.jsonl,376,full_log_record,DATE_TIME,1721051375,0.85,7,17
logs_sample.jsonl,376,full_log_record,PHONE_NUMBER,1721051375,0.4,7,17
logs_sample.jsonl,376,full_log_record,PHONE_NUMBER,1721051375,0.4,90,100
logs_sample.jsonl,376,full_log_record,US_BANK_NUMBER,1721051375,0.05,7,17
logs_sample.jsonl,377,full_log_record,EMAIL_ADDRESS,tomas.delgado@example.org,1.0,176,201
logs_sample.jsonl,377,full_log_record,EMAIL_ADDRESS,tomas.delgado@example.org,1.0,288,313
logs_sample.jsonl,377,full_log_record,PERSON,Delgado,0.85,268,275
logs_sample.jsonl,377,full_log_record,LOCATION,Miami,0.85,390,395
logs_sample.jsonl,377,full_log_record,LOCATION,FL,0.85,397,399
logs_sample.jsonl,377,full_log_record,PHONE_NUMBER,+1-786-555-0121,0.75,326,341
logs_sample.jsonl,377,full_log_record,URL,tomas.de,0.5,176,184
logs_sample.jsonl,377,full_log_record,URL,example.org,0.5,190,201
logs_sample.jsonl,377,full_log_record,URL,tomas.de,0.5,288,296
logs_sample.jsonl,377,full_log_record,URL,example.org,0.5,302,313
logs_sample.jsonl,377,full_log_record,PHONE_NUMBER,1721051512,0.4,7,17
logs_sample.jsonl,377,full_log_record,PHONE_NUMBER,1721051512,0.4,88,98
logs_sample.jsonl,377,full_log_record,US_BANK_NUMBER,1721051512,0.05,7,17
logs_sample.jsonl,378,full_log_record,EMAIL_ADDRESS,daniel.okonkwo@example.net,1.0,878,904
logs_sample.jsonl,378,full_log_record,DATE_TIME,2024-07-27,0.95,1194,1204
logs_sample.jsonl,378,full_log_record,DATE_TIME,2024-07-28,0.95,1226,1236
logs_sample.jsonl,378,full_log_record,LOCATION,kb_search      ,0.85,603,618
logs_sample.jsonl,378,full_log_record,DATE_TIME,last month,0.85,744,754
logs_sample.jsonl,378,full_log_record,PERSON,Daniel Okonkwo,0.85,851,865
logs_sample.jsonl,378,full_log_record,DATE_TIME,4419,0.85,956,960
logs_sample.jsonl,378,full_log_record,LOCATION,Hawthorne Blvd,0.85,964,978
logs_sample.jsonl,378,full_log_record,LOCATION,Portland,0.85,980,988
logs_sample.jsonl,378,full_log_record,DATE_TIME,2024-01-22,0.85,1053,1063
logs_sample.jsonl,378,full_log_record,DATE_TIME,1995,0.85,1459,1463
logs_sample.jsonl,378,full_log_record,PHONE_NUMBER,+1-503-555-0178,0.75,917,932
logs_sample.jsonl,378,full_log_record,URL,example.net,0.5,893,904
logs_sample.jsonl,378,full_log_record,PHONE_NUMBER,1721051649,0.4,7,17
logs_sample.jsonl,378,full_log_record,PHONE_NUMBER,1721051649,0.4,88,98
logs_sample.jsonl,378,full_log_record,US_BANK_NUMBER,1721051649,0.05,7,17
logs_sample.jsonl,379,full_log_record,DATE_TIME,30-day,0.85,173,179
logs_sample.jsonl,379,full_log_record,PHONE_NUMBER,1721051786,0.4,7,17
logs_sample.jsonl,379,full_log_record,PHONE_NUMBER,1721051786,0.4,90,100
logs_sample.jsonl,379,full_log_record,US_BANK_NUMBER,1721051786,0.05,7,17
logs_sample.jsonl,380,full_log_record,EMAIL_ADDRESS,priya.raghunathan@example.org,1.0,286,315
logs_sample.jsonl,380,full_log_record,DATE_TIME,1721051923,0.85,7,17
logs_sample.jsonl,380,full_log_record,DATE_TIME,RF-2026-88379,0.85,391,404
logs_sample.jsonl,380,full_log_record,URL,example.org,0.5,304,315
logs_sample.jsonl,380,full_log_record,PHONE_NUMBER,1721051923,0.4,7,17
logs_sample.jsonl,380,full_log_record,PHONE_NUMBER,1721051923,0.4,88,98
logs_sample.jsonl,380,full_log_record,US_BANK_NUMBER,1721051923,0.05,7,17
logs_sample.jsonl,381,full_log_record,IP_ADDRESS,73.244.199.129,0.95,220,234
logs_sample.jsonl,381,full_log_record,PHONE_NUMBER,1721052060,0.4,7,17
logs_sample.jsonl,381,full_log_record,PHONE_NUMBER,1721052060,0.4,90,100
logs_sample.jsonl,381,full_log_record,US_BANK_NUMBER,1721052060,0.05,7,17
logs_sample.jsonl,382,full_log_record,EMAIL_ADDRESS,priya.raghunathan@example.org,1.0,176,205
logs_sample.jsonl,382,full_log_record,EMAIL_ADDRESS,priya.raghunathan@example.org,1.0,291,320
logs_sample.jsonl,382,full_log_record,LOCATION,Newton,0.85,392,398
logs_sample.jsonl,382,full_log_record,PHONE_NUMBER,+1-617-555-0192,0.75,333,348
logs_sample.jsonl,382,full_log_record,URL,example.org,0.5,194,205
logs_sample.jsonl,382,full_log_record,URL,example.org,0.5,309,320
logs_sample.jsonl,382,full_log_record,PHONE_NUMBER,1721052197,0.4,7,17
logs_sample.jsonl,382,full_log_record,PHONE_NUMBER,1721052197,0.4,88,98
logs_sample.jsonl,382,full_log_record,US_BANK_NUMBER,1721052197,0.05,7,17
logs_sample.jsonl,383,full_log_record,EMAIL_ADDRESS,tomas.delgado@example.org,1.0,881,906
logs_sample.jsonl,383,full_log_record,DATE_TIME,2023-07-18,0.95,1195,1205
logs_sample.jsonl,383,full_log_record,LOCATION,kb_search      ,0.85,603,618
logs_sample.jsonl,383,full_log_record,PERSON,Delgado,0.85,861,868
logs_sample.jsonl,383,full_log_record,LOCATION,Miami,0.85,983,988
logs_sample.jsonl,383,full_log_record,LOCATION,FL,0.85,990,992
logs_sample.jsonl,383,full_log_record,DATE_TIME,2022-11-03,0.85,1053,1063
logs_sample.jsonl,383,full_log_record,PHONE_NUMBER,+1-786-555-0121,0.75,919,934
logs_sample.jsonl,383,full_log_record,URL,tomas.de,0.5,881,889
logs_sample.jsonl,383,full_log_record,URL,example.org,0.5,895,906
logs_sample.jsonl,383,full_log_record,PHONE_NUMBER,1721052334,0.4,7,17
logs_sample.jsonl,383,full_log_record,PHONE_NUMBER,1721052334,0.4,88,98
logs_sample.jsonl,383,full_log_record,US_BANK_NUMBER,1721052334,0.05,7,17
logs_sample.jsonl,384,full_log_record,DATE_TIME,1721052471,0.85,7,17
logs_sample.jsonl,384,full_log_record,DATE_TIME,4 business hours,0.85,217,233
logs_sample.jsonl,384,full_log_record,PHONE_NUMBER,1721052471,0.4,7,17
logs_sample.jsonl,384,full_log_record,PHONE_NUMBER,1721052471,0.4,90,100
logs_sample.jsonl,384,full_log_record,US_BANK_NUMBER,1721052471,0.05,7,17
logs_sample.jsonl,385,full_log_record,PERSON,Kessler,0.85,182,189
logs_sample.jsonl,385,full_log_record,PHONE_NUMBER,1721052608,0.4,7,17
logs_sample.jsonl,385,full_log_record,PHONE_NUMBER,1721052608,0.4,88,98
logs_sample.jsonl,385,full_log_record,US_BANK_NUMBER,1721052608,0.05,7,17
logs_sample.jsonl,386,full_log_record,IP_ADDRESS,88.18.70.27,0.95,230,241
logs_sample.jsonl,386,full_log_record,PHONE_NUMBER,1721052745,0.4,7,17
logs_sample.jsonl,386,full_log_record,PHONE_NUMBER,1721052745,0.4,90,100
logs_sample.jsonl,386,full_log_record,US_BANK_NUMBER,1721052745,0.05,7,17
logs_sample.jsonl,387,full_log_record,EMAIL_ADDRESS,tomas.delgado@example.org,1.0,176,201
logs_sample.jsonl,387,full_log_record,EMAIL_ADDRESS,tomas.delgado@example.org,1.0,288,313
logs_sample.jsonl,387,full_log_record,PERSON,Delgado,0.85,268,275
logs_sample.jsonl,387,full_log_record,LOCATION,Miami,0.85,390,395
logs_sample.jsonl,387,full_log_record,LOCATION,FL,0.85,397,399
logs_sample.jsonl,387,full_log_record,PHONE_NUMBER,+1-786-555-0121,0.75,326,341
logs_sample.jsonl,387,full_log_record,URL,tomas.de,0.5,176,184
logs_sample.jsonl,387,full_log_record,URL,example.org,0.5,190,201
logs_sample.jsonl,387,full_log_record,URL,tomas.de,0.5,288,296
logs_sample.jsonl,387,full_log_record,URL,example.org,0.5,302,313
logs_sample.jsonl,387,full_log_record,PHONE_NUMBER,1721052882,0.4,7,17
logs_sample.jsonl,387,full_log_record,PHONE_NUMBER,1721052882,0.4,88,98
logs_sample.jsonl,387,full_log_record,US_BANK_NUMBER,1721052882,0.05,7,17
logs_sample.jsonl,388,full_log_record,EMAIL_ADDRESS,priya.raghunathan@example.org,1.0,882,911
logs_sample.jsonl,388,full_log_record,DATE_TIME,2024-02-20,0.95,1197,1207
logs_sample.jsonl,388,full_log_record,DATE_TIME,2024-02-24,0.95,1229,1239
logs_sample.jsonl,388,full_log_record,DATE_TIME,1721053019,0.85,7,17
logs_sample.jsonl,388,full_log_record,LOCATION,kb_search      ,0.85,604,619
logs_sample.jsonl,388,full_log_record,DATE_TIME,last month,0.85,745,755
logs_sample.jsonl,388,full_log_record,LOCATION,Newton,0.85,983,989
logs_sample.jsonl,388,full_log_record,DATE_TIME,2021-09-30,0.85,1054,1064
logs_sample.jsonl,388,full_log_record,PHONE_NUMBER,+1-617-555-0192,0.75,924,939
logs_sample.jsonl,388,full_log_record,URL,example.org,0.5,900,911
logs_sample.jsonl,388,full_log_record,PHONE_NUMBER,1721053019,0.4,7,17
logs_sample.jsonl,388,full_log_record,PHONE_NUMBER,1721053019,0.4,89,99
logs_sample.jsonl,388,full_log_record,US_BANK_NUMBER,1721053019,0.05,7,17
logs_sample.jsonl,389,full_log_record,DATE_TIME,1721053156,0.85,7,17
logs_sample.jsonl,389,full_log_record,DATE_TIME,4 business hours,0.85,217,233
logs_sample.jsonl,389,full_log_record,PHONE_NUMBER,1721053156,0.4,7,17
logs_sample.jsonl,389,full_log_record,PHONE_NUMBER,1721053156,0.4,90,100
logs_sample.jsonl,389,full_log_record,US_BANK_NUMBER,1721053156,0.05,7,17
logs_sample.jsonl,390,full_log_record,PHONE_NUMBER,1721053293,0.4,7,17
logs_sample.jsonl,390,full_log_record,PHONE_NUMBER,1721053293,0.4,88,98
logs_sample.jsonl,390,full_log_record,US_BANK_NUMBER,1721053293,0.05,7,17
logs_sample.jsonl,391,full_log_record,IP_ADDRESS,106.167.234.201,0.95,215,230
logs_sample.jsonl,391,full_log_record,DATE_TIME,two weeks,0.85,189,198
logs_sample.jsonl,391,full_log_record,PHONE_NUMBER,1721053430,0.4,7,17
logs_sample.jsonl,391,full_log_record,PHONE_NUMBER,1721053430,0.4,90,100
logs_sample.jsonl,391,full_log_record,US_BANK_NUMBER,1721053430,0.05,7,17
logs_sample.jsonl,392,full_log_record,EMAIL_ADDRESS,tomas.delgado@example.org,1.0,176,201
logs_sample.jsonl,392,full_log_record,EMAIL_ADDRESS,tomas.delgado@example.org,1.0,288,313
logs_sample.jsonl,392,full_log_record,DATE_TIME,1721053567,0.85,7,17
logs_sample.jsonl,392,full_log_record,PERSON,Delgado,0.85,268,275
logs_sample.jsonl,392,full_log_record,LOCATION,Miami,0.85,390,395
logs_sample.jsonl,392,full_log_record,LOCATION,FL,0.85,397,399
logs_sample.jsonl,392,full_log_record,PHONE_NUMBER,+1-786-555-0121,0.75,326,341
logs_sample.jsonl,392,full_log_record,URL,tomas.de,0.5,176,184
logs_sample.jsonl,392,full_log_record,URL,example.org,0.5,190,201
logs_sample.jsonl,392,full_log_record,URL,tomas.de,0.5,288,296
logs_sample.jsonl,392,full_log_record,URL,example.org,0.5,302,313
logs_sample.jsonl,392,full_log_record,PHONE_NUMBER,1721053567,0.4,7,17
logs_sample.jsonl,392,full_log_record,PHONE_NUMBER,1721053567,0.4,88,98
logs_sample.jsonl,392,full_log_record,US_BANK_NUMBER,1721053567,0.05,7,17
logs_sample.jsonl,393,full_log_record,EMAIL_ADDRESS,tomas.delgado@example.org,1.0,882,907
logs_sample.jsonl,393,full_log_record,DATE_TIME,2026-02-22,0.95,1196,1206
logs_sample.jsonl,393,full_log_record,DATE_TIME,2026-02-28,0.95,1228,1238
logs_sample.jsonl,393,full_log_record,DATE_TIME,1721053704,0.85,7,17
logs_sample.jsonl,393,full_log_record,LOCATION,kb_search      ,0.85,603,618
logs_sample.jsonl,393,full_log_record,DATE_TIME,last month,0.85,744,754
logs_sample.jsonl,393,full_log_record,PERSON,Delgado,0.85,862,869
logs_sample.jsonl,393,full_log_record,LOCATION,Miami,0.85,984,989
logs_sample.jsonl,393,full_log_record,LOCATION,FL,0.85,991,993
logs_sample.jsonl,393,full_log_record,DATE_TIME,2022-11-03,0.85,1054,1064
logs_sample.jsonl,393,full_log_record,PHONE_NUMBER,+1-786-555-0121,0.75,920,935
logs_sample.jsonl,393,full_log_record,URL,tomas.de,0.5,882,890
logs_sample.jsonl,393,full_log_record,URL,example.org,0.5,896,907
logs_sample.jsonl,393,full_log_record,PHONE_NUMBER,1721053704,0.4,7,17
logs_sample.jsonl,393,full_log_record,PHONE_NUMBER,1721053704,0.4,88,98
logs_sample.jsonl,393,full_log_record,US_BANK_NUMBER,1721053704,0.05,7,17
logs_sample.jsonl,394,full_log_record,DATE_TIME,1721053841,0.85,7,17
logs_sample.jsonl,394,full_log_record,PHONE_NUMBER,1721053841,0.4,7,17
logs_sample.jsonl,394,full_log_record,PHONE_NUMBER,1721053841,0.4,90,100
logs_sample.jsonl,394,full_log_record,US_BANK_NUMBER,1721053841,0.05,7,17
logs_sample.jsonl,395,full_log_record,EMAIL_ADDRESS,tomas.delgado@example.org,1.0,281,306
logs_sample.jsonl,395,full_log_record,PERSON,Delgado,0.85,272,279
logs_sample.jsonl,395,full_log_record,DATE_TIME,RF-2026-88394,0.85,382,395
logs_sample.jsonl,395,full_log_record,URL,tomas.de,0.5,281,289
logs_sample.jsonl,395,full_log_record,URL,example.org,0.5,295,306
logs_sample.jsonl,395,full_log_record,PHONE_NUMBER,1721053978,0.4,7,17
logs_sample.jsonl,395,full_log_record,PHONE_NUMBER,1721053978,0.4,88,98
logs_sample.jsonl,395,full_log_record,US_BANK_NUMBER,1721053978,0.05,7,17
logs_sample.jsonl,396,full_log_record,IP_ADDRESS,35.14.101.237,0.95,252,265
logs_sample.jsonl,396,full_log_record,DATE_TIME,1721054115,0.85,7,17
logs_sample.jsonl,396,full_log_record,DATE_TIME,three weeks,0.85,178,189
logs_sample.jsonl,396,full_log_record,PHONE_NUMBER,1721054115,0.4,7,17
logs_sample.jsonl,396,full_log_record,PHONE_NUMBER,1721054115,0.4,90,100
logs_sample.jsonl,396,full_log_record,PHONE_NUMBER,35.14.101.237,0.4,252,265
logs_sample.jsonl,396,full_log_record,US_BANK_NUMBER,1721054115,0.05,7,17
logs_sample.jsonl,397,full_log_record,EMAIL_ADDRESS,tomas.delgado@example.org,1.0,176,201
logs_sample.jsonl,397,full_log_record,EMAIL_ADDRESS,tomas.delgado@example.org,1.0,288,313
logs_sample.jsonl,397,full_log_record,PERSON,Delgado,0.85,268,275
logs_sample.jsonl,397,full_log_record,LOCATION,Miami,0.85,390,395
logs_sample.jsonl,397,full_log_record,LOCATION,FL,0.85,397,399
logs_sample.jsonl,397,full_log_record,PHONE_NUMBER,+1-786-555-0121,0.75,326,341
logs_sample.jsonl,397,full_log_record,URL,tomas.de,0.5,176,184
logs_sample.jsonl,397,full_log_record,URL,example.org,0.5,190,201
logs_sample.jsonl,397,full_log_record,URL,tomas.de,0.5,288,296
logs_sample.jsonl,397,full_log_record,URL,example.org,0.5,302,313
logs_sample.jsonl,397,full_log_record,PHONE_NUMBER,1721054252,0.4,7,17
logs_sample.jsonl,397,full_log_record,PHONE_NUMBER,1721054252,0.4,88,98
logs_sample.jsonl,397,full_log_record,US_BANK_NUMBER,1721054252,0.05,7,17
logs_sample.jsonl,398,full_log_record,EMAIL_ADDRESS,sofia.bergqvist@example.com,1.0,888,915
logs_sample.jsonl,398,full_log_record,DATE_TIME,2025-06-07,0.95,1203,1213
logs_sample.jsonl,398,full_log_record,DATE_TIME,2025-06-13,0.95,1235,1245
logs_sample.jsonl,398,full_log_record,LOCATION,kb_search      ,0.85,603,618
logs_sample.jsonl,398,full_log_record,PERSON,Sofia Bergqvist,0.85,860,875
logs_sample.jsonl,398,full_log_record,LOCATION,Seattle,0.85,989,996
logs_sample.jsonl,398,full_log_record,LOCATION,WA,0.85,998,1000
logs_sample.jsonl,398,full_log_record,DATE_TIME,2025-06-08,0.85,1061,1071
logs_sample.jsonl,398,full_log_record,DATE_TIME,1940,0.85,1471,1475
logs_sample.jsonl,398,full_log_record,PHONE_NUMBER,+1-206-555-0165,0.75,928,943
logs_sample.jsonl,398,full_log_record,URL,sofia.be,0.5,888,896
logs_sample.jsonl,398,full_log_record,URL,example.com,0.5,904,915
logs_sample.jsonl,398,full_log_record,PHONE_NUMBER,1721054389,0.4,7,17
logs_sample.jsonl,398,full_log_record,PHONE_NUMBER,1721054389,0.4,88,98
logs_sample.jsonl,398,full_log_record,US_BANK_NUMBER,1721054389,0.05,7,17
logs_sample.jsonl,399,full_log_record,DATE_TIME,1721054526,0.85,7,17
logs_sample.jsonl,399,full_log_record,PHONE_NUMBER,1721054526,0.4,7,17
logs_sample.jsonl,399,full_log_record,PHONE_NUMBER,1721054526,0.4,90,100
logs_sample.jsonl,399,full_log_record,US_BANK_NUMBER,1721054526,0.05,7,17
logs_sample.jsonl,400,full_log_record,DATE_TIME,1721054663,0.85,7,17
logs_sample.jsonl,400,full_log_record,PHONE_NUMBER,1721054663,0.4,7,17
logs_sample.jsonl,400,full_log_record,PHONE_NUMBER,1721054663,0.4,88,98
logs_sample.jsonl,400,full_log_record,US_BANK_NUMBER,1721054663,0.05,7,17
logs_sample.jsonl,401,full_log_record,IP_ADDRESS,31.171.163.157,0.95,230,244
logs_sample.jsonl,401,full_log_record,DATE_TIME,1721054800,0.85,7,17
logs_sample.jsonl,401,full_log_record,PHONE_NUMBER,1721054800,0.4,7,17
logs_sample.jsonl,401,full_log_record,PHONE_NUMBER,1721054800,0.4,90,100
logs_sample.jsonl,401,full_log_record,US_BANK_NUMBER,1721054800,0.05,7,17
logs_sample.jsonl,402,full_log_record,EMAIL_ADDRESS,tomas.delgado@example.org,1.0,176,201
logs_sample.jsonl,402,full_log_record,EMAIL_ADDRESS,tomas.delgado@example.org,1.0,288,313
logs_sample.jsonl,402,full_log_record,PERSON,Delgado,0.85,268,275
logs_sample.jsonl,402,full_log_record,LOCATION,Miami,0.85,390,395
logs_sample.jsonl,402,full_log_record,LOCATION,FL,0.85,397,399
logs_sample.jsonl,402,full_log_record,PHONE_NUMBER,+1-786-555-0121,0.75,326,341
logs_sample.jsonl,402,full_log_record,URL,tomas.de,0.5,176,184
logs_sample.jsonl,402,full_log_record,URL,example.org,0.5,190,201
logs_sample.jsonl,402,full_log_record,URL,tomas.de,0.5,288,296
logs_sample.jsonl,402,full_log_record,URL,example.org,0.5,302,313
logs_sample.jsonl,402,full_log_record,PHONE_NUMBER,1721054937,0.4,7,17
logs_sample.jsonl,402,full_log_record,PHONE_NUMBER,1721054937,0.4,88,98
logs_sample.jsonl,402,full_log_record,US_BANK_NUMBER,1721054937,0.05,7,17
logs_sample.jsonl,403,full_log_record,EMAIL_ADDRESS,sofia.bergqvist@example.com,1.0,910,937
logs_sample.jsonl,403,full_log_record,DATE_TIME,2025-03-20,0.95,1225,1235
logs_sample.jsonl,403,full_log_record,DATE_TIME,2025-03-28,0.95,1257,1267
logs_sample.jsonl,403,full_log_record,LOCATION,kb_search      ,0.85,603,618
logs_sample.jsonl,403,full_log_record,DATE_TIME,three weeks,0.85,728,739
logs_sample.jsonl,403,full_log_record,PERSON,Sofia Bergqvist,0.85,882,897
logs_sample.jsonl,403,full_log_record,LOCATION,Seattle,0.85,1011,1018
logs_sample.jsonl,403,full_log_record,LOCATION,WA,0.85,1020,1022
logs_sample.jsonl,403,full_log_record,DATE_TIME,2025-06-08,0.85,1083,1093
logs_sample.jsonl,403,full_log_record,LOCATION,Ridge Planter,0.85,1395,1408
logs_sample.jsonl,403,full_log_record,DATE_TIME,1990,0.85,1498,1502
logs_sample.jsonl,403,full_log_record,PHONE_NUMBER,+1-206-555-0165,0.75,950,965
logs_sample.jsonl,403,full_log_record,URL,sofia.be,0.5,910,918
logs_sample.jsonl,403,full_log_record,URL,example.com,0.5,926,937
logs_sample.jsonl,403,full_log_record,PHONE_NUMBER,1721055074,0.4,7,17
logs_sample.jsonl,403,full_log_record,PHONE_NUMBER,1721055074,0.4,88,98
logs_sample.jsonl,403,full_log_record,US_BANK_NUMBER,1721055074,0.05,7,17
logs_sample.jsonl,404,full_log_record,PHONE_NUMBER,1721055211,0.4,7,17
logs_sample.jsonl,404,full_log_record,PHONE_NUMBER,1721055211,0.4,90,100
logs_sample.jsonl,404,full_log_record,US_BANK_NUMBER,1721055211,0.05,7,17
logs_sample.jsonl,405,full_log_record,EMAIL_ADDRESS,sofia.bergqvist@example.com,1.0,283,310
logs_sample.jsonl,405,full_log_record,DATE_TIME,1721055348,0.85,7,17
logs_sample.jsonl,405,full_log_record,DATE_TIME,9034,0.85,350,354
logs_sample.jsonl,405,full_log_record,DATE_TIME,RF-2026-88404,0.85,386,399
logs_sample.jsonl,405,full_log_record,URL,sofia.be,0.5,283,291
logs_sample.jsonl,405,full_log_record,URL,example.com,0.5,299,310
logs_sample.jsonl,405,full_log_record,PHONE_NUMBER,1721055348,0.4,7,17
logs_sample.jsonl,405,full_log_record,PHONE_NUMBER,1721055348,0.4,88,98
logs_sample.jsonl,405,full_log_record,US_BANK_NUMBER,1721055348,0.05,7,17
logs_sample.jsonl,406,full_log_record,IP_ADDRESS,117.236.251.203,0.95,220,235
logs_sample.jsonl,406,full_log_record,PHONE_NUMBER,1721055485,0.4,7,17
logs_sample.jsonl,406,full_log_record,PHONE_NUMBER,1721055485,0.4,90,100
logs_sample.jsonl,406,full_log_record,US_BANK_NUMBER,1721055485,0.05,7,17
logs_sample.jsonl,407,full_log_record,EMAIL_ADDRESS,marcus.webb@example.com,1.0,176,199
logs_sample.jsonl,407,full_log_record,EMAIL_ADDRESS,marcus.webb@example.com,1.0,279,302
logs_sample.jsonl,407,full_log_record,PERSON,Marcus Webb,0.85,255,266
logs_sample.jsonl,407,full_log_record,DATE_TIME,1877,0.85,354,358
logs_sample.jsonl,407,full_log_record,LOCATION,Chicago,0.85,380,387
logs_sample.jsonl,407,full_log_record,DATE_TIME,8802,0.85,425,429
logs_sample.jsonl,407,full_log_record,PHONE_NUMBER,+1-312-555-0143,0.75,315,330
logs_sample.jsonl,407,full_log_record,URL,example.com,0.5,188,199
logs_sample.jsonl,407,full_log_record,URL,example.com,0.5,291,302
logs_sample.jsonl,407,full_log_record,PHONE_NUMBER,1721055622,0.4,7,17
logs_sample.jsonl,407,full_log_record,PHONE_NUMBER,1721055622,0.4,88,98
logs_sample.jsonl,407,full_log_record,US_BANK_NUMBER,1721055622,0.05,7,17
logs_sample.jsonl,408,full_log_record,EMAIL_ADDRESS,tomas.delgado@example.org,1.0,891,916
logs_sample.jsonl,408,full_log_record,DATE_TIME,2026-05-08,0.95,1205,1215
logs_sample.jsonl,408,full_log_record,DATE_TIME,2026-05-11,0.95,1237,1247
logs_sample.jsonl,408,full_log_record,LOCATION,kb_search      ,0.85,603,618
logs_sample.jsonl,408,full_log_record,PERSON,Delgado,0.85,871,878
logs_sample.jsonl,408,full_log_record,LOCATION,Miami,0.85,993,998
logs_sample.jsonl,408,full_log_record,LOCATION,FL,0.85,1000,1002
logs_sample.jsonl,408,full_log_record,DATE_TIME,2022-11-03,0.85,1063,1073
logs_sample.jsonl,408,full_log_record,DATE_TIME,2033,0.85,1396,1400
logs_sample.jsonl,408,full_log_record,PHONE_NUMBER,+1-786-555-0121,0.75,929,944
logs_sample.jsonl,408,full_log_record,URL,tomas.de,0.5,891,899
logs_sample.jsonl,408,full_log_record,URL,example.org,0.5,905,916
logs_sample.jsonl,408,full_log_record,PHONE_NUMBER,1721055759,0.4,7,17
logs_sample.jsonl,408,full_log_record,PHONE_NUMBER,1721055759,0.4,88,98
logs_sample.jsonl,408,full_log_record,US_BANK_NUMBER,1721055759,0.05,7,17
logs_sample.jsonl,409,full_log_record,DATE_TIME,1721055896,0.85,7,17
logs_sample.jsonl,409,full_log_record,PHONE_NUMBER,1721055896,0.4,7,17
logs_sample.jsonl,409,full_log_record,PHONE_NUMBER,1721055896,0.4,90,100
logs_sample.jsonl,409,full_log_record,US_BANK_NUMBER,1721055896,0.05,7,17
logs_sample.jsonl,410,full_log_record,PERSON,Kessler,0.85,182,189
logs_sample.jsonl,410,full_log_record,PHONE_NUMBER,1721056033,0.4,7,17
logs_sample.jsonl,410,full_log_record,PHONE_NUMBER,1721056033,0.4,88,98
logs_sample.jsonl,410,full_log_record,US_BANK_NUMBER,1721056033,0.05,7,17
logs_sample.jsonl,411,full_log_record,IP_ADDRESS,171.121.21.91,0.95,216,229
logs_sample.jsonl,411,full_log_record,DATE_TIME,1721056170,0.85,7,17
logs_sample.jsonl,411,full_log_record,PHONE_NUMBER,1721056170,0.4,7,17
logs_sample.jsonl,411,full_log_record,PHONE_NUMBER,1721056170,0.4,90,100
logs_sample.jsonl,411,full_log_record,US_BANK_NUMBER,1721056170,0.05,7,17
logs_sample.jsonl,412,full_log_record,EMAIL_ADDRESS,tomas.delgado@example.org,1.0,176,201
logs_sample.jsonl,412,full_log_record,EMAIL_ADDRESS,tomas.delgado@example.org,1.0,288,313
logs_sample.jsonl,412,full_log_record,PERSON,Delgado,0.85,268,275
logs_sample.jsonl,412,full_log_record,LOCATION,Miami,0.85,390,395
logs_sample.jsonl,412,full_log_record,LOCATION,FL,0.85,397,399
logs_sample.jsonl,412,full_log_record,PHONE_NUMBER,+1-786-555-0121,0.75,326,341
logs_sample.jsonl,412,full_log_record,URL,tomas.de,0.5,176,184
logs_sample.jsonl,412,full_log_record,URL,example.org,0.5,190,201
logs_sample.jsonl,412,full_log_record,URL,tomas.de,0.5,288,296
logs_sample.jsonl,412,full_log_record,URL,example.org,0.5,302,313
logs_sample.jsonl,412,full_log_record,PHONE_NUMBER,1721056307,0.4,7,17
logs_sample.jsonl,412,full_log_record,PHONE_NUMBER,1721056307,0.4,88,98
logs_sample.jsonl,412,full_log_record,US_BANK_NUMBER,1721056307,0.05,7,17
logs_sample.jsonl,413,full_log_record,EMAIL_ADDRESS,daniel.okonkwo@example.net,1.0,887,913
logs_sample.jsonl,413,full_log_record,DATE_TIME,2024-07-27,0.95,1203,1213
logs_sample.jsonl,413,full_log_record,DATE_TIME,2024-07-28,0.95,1235,1245
logs_sample.jsonl,413,full_log_record,DATE_TIME,1721056444,0.85,7,17
logs_sample.jsonl,413,full_log_record,LOCATION,kb_search      ,0.85,603,618
logs_sample.jsonl,413,full_log_record,PERSON,Daniel Okonkwo,0.85,860,874
logs_sample.jsonl,413,full_log_record,DATE_TIME,4419,0.85,965,969
logs_sample.jsonl,413,full_log_record,LOCATION,Hawthorne Blvd,0.85,973,987
logs_sample.jsonl,413,full_log_record,LOCATION,Portland,0.85,989,997
logs_sample.jsonl,413,full_log_record,DATE_TIME,2024-01-22,0.85,1062,1072
logs_sample.jsonl,413,full_log_record,PHONE_NUMBER,+1-503-555-0178,0.75,926,941
logs_sample.jsonl,413,full_log_record,URL,example.net,0.5,902,913
logs_sample.jsonl,413,full_log_record,PHONE_NUMBER,1721056444,0.4,7,17
logs_sample.jsonl,413,full_log_record,PHONE_NUMBER,1721056444,0.4,88,98
logs_sample.jsonl,413,full_log_record,US_BANK_NUMBER,1721056444,0.05,7,17
logs_sample.jsonl,414,full_log_record,PHONE_NUMBER,1721056581,0.4,7,17
logs_sample.jsonl,414,full_log_record,PHONE_NUMBER,1721056581,0.4,90,100
logs_sample.jsonl,414,full_log_record,US_BANK_NUMBER,1721056581,0.05,7,17
logs_sample.jsonl,415,full_log_record,EMAIL_ADDRESS,sofia.bergqvist@example.com,1.0,288,315
logs_sample.jsonl,415,full_log_record,DATE_TIME,9034,0.85,355,359
logs_sample.jsonl,415,full_log_record,URL,sofia.be,0.5,288,296
logs_sample.jsonl,415,full_log_record,URL,example.com,0.5,304,315
logs_sample.jsonl,415,full_log_record,PHONE_NUMBER,1721056718,0.4,7,17
logs_sample.jsonl,415,full_log_record,PHONE_NUMBER,1721056718,0.4,88,98
logs_sample.jsonl,415,full_log_record,US_BANK_NUMBER,1721056718,0.05,7,17
logs_sample.jsonl,416,full_log_record,IP_ADDRESS,116.189.205.149,0.95,218,233
logs_sample.jsonl,416,full_log_record,PHONE_NUMBER,1721056855,0.4,7,17
logs_sample.jsonl,416,full_log_record,PHONE_NUMBER,1721056855,0.4,90,100
logs_sample.jsonl,416,full_log_record,PHONE_NUMBER,116.189.205.149,0.4,218,233
logs_sample.jsonl,416,full_log_record,US_BANK_NUMBER,1721056855,0.05,7,17
logs_sample.jsonl,417,full_log_record,EMAIL_ADDRESS,marcus.webb@example.com,1.0,176,199
logs_sample.jsonl,417,full_log_record,EMAIL_ADDRESS,marcus.webb@example.com,1.0,279,302
logs_sample.jsonl,417,full_log_record,DATE_TIME,1721056992,0.85,7,17
logs_sample.jsonl,417,full_log_record,PERSON,Marcus Webb,0.85,255,266
logs_sample.jsonl,417,full_log_record,DATE_TIME,1877,0.85,354,358
logs_sample.jsonl,417,full_log_record,LOCATION,Chicago,0.85,380,387
logs_sample.jsonl,417,full_log_record,DATE_TIME,8802,0.85,425,429
logs_sample.jsonl,417,full_log_record,PHONE_NUMBER,+1-312-555-0143,0.75,315,330
logs_sample.jsonl,417,full_log_record,URL,example.com,0.5,188,199
logs_sample.jsonl,417,full_log_record,URL,example.com,0.5,291,302
logs_sample.jsonl,417,full_log_record,PHONE_NUMBER,1721056992,0.4,7,17
logs_sample.jsonl,417,full_log_record,PHONE_NUMBER,1721056992,0.4,88,98
logs_sample.jsonl,417,full_log_record,US_BANK_NUMBER,1721056992,0.05,7,17
logs_sample.jsonl,418,full_log_record,EMAIL_ADDRESS,tomas.delgado@example.org,1.0,881,906
logs_sample.jsonl,418,full_log_record,DATE_TIME,2025-05-01,0.95,1195,1205
logs_sample.jsonl,418,full_log_record,DATE_TIME,2025-05-08,0.95,1227,1237
logs_sample.jsonl,418,full_log_record,DATE_TIME,1721057129,0.85,7,17
logs_sample.jsonl,418,full_log_record,LOCATION,kb_search      ,0.85,603,618
logs_sample.jsonl,418,full_log_record,PERSON,Delgado,0.85,861,868
logs_sample.jsonl,418,full_log_record,LOCATION,Miami,0.85,983,988
logs_sample.jsonl,418,full_log_record,LOCATION,FL,0.85,990,992
logs_sample.jsonl,418,full_log_record,DATE_TIME,2022-11-03,0.85,1053,1063
logs_sample.jsonl,418,full_log_record,PHONE_NUMBER,+1-786-555-0121,0.75,919,934
logs_sample.jsonl,418,full_log_record,URL,tomas.de,0.5,881,889
logs_sample.jsonl,418,full_log_record,URL,example.org,0.5,895,906
logs_sample.jsonl,418,full_log_record,PHONE_NUMBER,1721057129,0.4,7,17
logs_sample.jsonl,418,full_log_record,PHONE_NUMBER,1721057129,0.4,88,98
logs_sample.jsonl,418,full_log_record,US_BANK_NUMBER,1721057129,0.05,7,17
logs_sample.jsonl,419,full_log_record,DATE_TIME,1721057266,0.85,7,17
logs_sample.jsonl,419,full_log_record,DATE_TIME,4 business hours,0.85,217,233
logs_sample.jsonl,419,full_log_record,PHONE_NUMBER,1721057266,0.4,7,17
logs_sample.jsonl,419,full_log_record,PHONE_NUMBER,1721057266,0.4,90,100
logs_sample.jsonl,419,full_log_record,US_BANK_NUMBER,1721057266,0.05,7,17
logs_sample.jsonl,420,full_log_record,DATE_TIME,three weeks,0.85,193,204
logs_sample.jsonl,420,full_log_record,PHONE_NUMBER,1721057403,0.4,7,17
logs_sample.jsonl,420,full_log_record,PHONE_NUMBER,1721057403,0.4,88,98
logs_sample.jsonl,420,full_log_record,US_BANK_NUMBER,1721057403,0.05,7,17
logs_sample.jsonl,421,full_log_record,IP_ADDRESS,29.1.97.63,0.95,215,225
logs_sample.jsonl,421,full_log_record,DATE_TIME,two weeks,0.85,189,198
logs_sample.jsonl,421,full_log_record,DATE_TIME,29.1.97,0.6,215,222
logs_sample.jsonl,421,full_log_record,PHONE_NUMBER,1721057540,0.4,7,17
logs_sample.jsonl,421,full_log_record,PHONE_NUMBER,1721057540,0.4,90,100
logs_sample.jsonl,421,full_log_record,US_BANK_NUMBER,1721057540,0.05,7,17
logs_sample.jsonl,422,full_log_record,EMAIL_ADDRESS,tomas.delgado@example.org,1.0,176,201
logs_sample.jsonl,422,full_log_record,EMAIL_ADDRESS,tomas.delgado@example.org,1.0,288,313
logs_sample.jsonl,422,full_log_record,DATE_TIME,1721057677,0.85,7,17
logs_sample.jsonl,422,full_log_record,PERSON,Delgado,0.85,268,275
logs_sample.jsonl,422,full_log_record,LOCATION,Miami,0.85,390,395
logs_sample.jsonl,422,full_log_record,LOCATION,FL,0.85,397,399
logs_sample.jsonl,422,full_log_record,PHONE_NUMBER,+1-786-555-0121,0.75,326,341
logs_sample.jsonl,422,full_log_record,URL,tomas.de,0.5,176,184
logs_sample.jsonl,422,full_log_record,URL,example.org,0.5,190,201
logs_sample.jsonl,422,full_log_record,URL,tomas.de,0.5,288,296
logs_sample.jsonl,422,full_log_record,URL,example.org,0.5,302,313
logs_sample.jsonl,422,full_log_record,PHONE_NUMBER,1721057677,0.4,7,17
logs_sample.jsonl,422,full_log_record,PHONE_NUMBER,1721057677,0.4,88,98
logs_sample.jsonl,422,full_log_record,US_BANK_NUMBER,1721057677,0.05,7,17
logs_sample.jsonl,423,full_log_record,EMAIL_ADDRESS,marcus.webb@example.com,1.0,870,893
logs_sample.jsonl,423,full_log_record,DATE_TIME,2026-08-01,0.95,1185,1195
logs_sample.jsonl,423,full_log_record,LOCATION,kb_search      ,0.85,603,618
logs_sample.jsonl,423,full_log_record,PERSON,Marcus Webb,0.85,846,857
logs_sample.jsonl,423,full_log_record,DATE_TIME,1877,0.85,945,949
logs_sample.jsonl,423,full_log_record,LOCATION,Chicago,0.85,971,978
logs_sample.jsonl,423,full_log_record,DATE_TIME,8802,0.85,1016,1020
logs_sample.jsonl,423,full_log_record,DATE_TIME,2023-04-11,0.85,1043,1053
logs_sample.jsonl,423,full_log_record,PERSON,Marlowe,0.85,1266,1273
logs_sample.jsonl,423,full_log_record,PHONE_NUMBER,+1-312-555-0143,0.75,906,921
logs_sample.jsonl,423,full_log_record,URL,example.com,0.5,882,893
logs_sample.jsonl,423,full_log_record,PHONE_NUMBER,1721057814,0.4,7,17
logs_sample.jsonl,423,full_log_record,PHONE_NUMBER,1721057814,0.4,88,98
logs_sample.jsonl,423,full_log_record,US_BANK_NUMBER,1721057814,0.05,7,17
logs_sample.jsonl,424,full_log_record,DATE_TIME,1721057951,0.85,7,17
logs_sample.jsonl,424,full_log_record,PHONE_NUMBER,1721057951,0.4,7,17
logs_sample.jsonl,424,full_log_record,PHONE_NUMBER,1721057951,0.4,90,100
logs_sample.jsonl,424,full_log_record,US_BANK_NUMBER,1721057951,0.05,7,17
logs_sample.jsonl,425,full_log_record,EMAIL_ADDRESS,daniel.okonkwo@example.net,1.0,287,313
logs_sample.jsonl,425,full_log_record,DATE_TIME,1721058088,0.85,7,17
logs_sample.jsonl,425,full_log_record,PERSON,Daniel Okonkwo,0.85,271,285
logs_sample.jsonl,425,full_log_record,URL,example.net,0.5,302,313
logs_sample.jsonl,425,full_log_record,PHONE_NUMBER,1721058088,0.4,7,17
logs_sample.jsonl,425,full_log_record,PHONE_NUMBER,1721058088,0.4,88,98
logs_sample.jsonl,425,full_log_record,US_BANK_NUMBER,1721058088,0.05,7,17
logs_sample.jsonl,426,full_log_record,IP_ADDRESS,184.117.176.40,0.95,230,244
logs_sample.jsonl,426,full_log_record,DATE_TIME,184.117.176.40,0.85,230,244
logs_sample.jsonl,426,full_log_record,PHONE_NUMBER,1721058225,0.4,7,17
logs_sample.jsonl,426,full_log_record,PHONE_NUMBER,1721058225,0.4,90,100
logs_sample.jsonl,426,full_log_record,US_BANK_NUMBER,1721058225,0.05,7,17
logs_sample.jsonl,427,full_log_record,EMAIL_ADDRESS,daniel.okonkwo@example.net,1.0,176,202
logs_sample.jsonl,427,full_log_record,EMAIL_ADDRESS,daniel.okonkwo@example.net,1.0,285,311
logs_sample.jsonl,427,full_log_record,DATE_TIME,1721058362,0.85,7,17
logs_sample.jsonl,427,full_log_record,PERSON,Daniel Okonkwo,0.85,258,272
logs_sample.jsonl,427,full_log_record,DATE_TIME,4419,0.85,363,367
logs_sample.jsonl,427,full_log_record,LOCATION,Hawthorne Blvd,0.85,371,385
logs_sample.jsonl,427,full_log_record,LOCATION,Portland,0.85,387,395
logs_sample.jsonl,427,full_log_record,PHONE_NUMBER,+1-503-555-0178,0.75,324,339
logs_sample.jsonl,427,full_log_record,URL,example.net,0.5,191,202
logs_sample.jsonl,427,full_log_record,URL,example.net,0.5,300,311
logs_sample.jsonl,427,full_log_record,PHONE_NUMBER,1721058362,0.4,7,17
logs_sample.jsonl,427,full_log_record,PHONE_NUMBER,1721058362,0.4,88,98
logs_sample.jsonl,427,full_log_record,US_BANK_NUMBER,1721058362,0.05,7,17
logs_sample.jsonl,428,full_log_record,EMAIL_ADDRESS,daniel.okonkwo@example.net,1.0,883,909
logs_sample.jsonl,428,full_log_record,DATE_TIME,2024-07-27,0.95,1199,1209
logs_sample.jsonl,428,full_log_record,DATE_TIME,2024-07-28,0.95,1231,1241
logs_sample.jsonl,428,full_log_record,LOCATION,kb_search      ,0.85,603,618
logs_sample.jsonl,428,full_log_record,DATE_TIME,ORD-2026-5010,0.85,746,759
logs_sample.jsonl,428,full_log_record,PERSON,Daniel Okonkwo,0.85,856,870
logs_sample.jsonl,428,full_log_record,DATE_TIME,4419,0.85,961,965
logs_sample.jsonl,428,full_log_record,LOCATION,Hawthorne Blvd,0.85,969,983
logs_sample.jsonl,428,full_log_record,LOCATION,Portland,0.85,985,993
logs_sample.jsonl,428,full_log_record,DATE_TIME,2024-01-22,0.85,1058,1068
logs_sample.jsonl,428,full_log_record,PHONE_NUMBER,+1-503-555-0178,0.75,922,937
logs_sample.jsonl,428,full_log_record,URL,example.net,0.5,898,909
logs_sample.jsonl,428,full_log_record,PHONE_NUMBER,1721058499,0.4,7,17
logs_sample.jsonl,428,full_log_record,PHONE_NUMBER,1721058499,0.4,88,98
logs_sample.jsonl,428,full_log_record,US_BANK_NUMBER,1721058499,0.05,7,17
logs_sample.jsonl,429,full_log_record,PHONE_NUMBER,1721058636,0.4,7,17
logs_sample.jsonl,429,full_log_record,PHONE_NUMBER,1721058636,0.4,90,100
logs_sample.jsonl,429,full_log_record,US_BANK_NUMBER,1721058636,0.05,7,17
logs_sample.jsonl,430,full_log_record,PERSON,Kessler,0.85,182,189
logs_sample.jsonl,430,full_log_record,PHONE_NUMBER,1721058773,0.4,7,17
logs_sample.jsonl,430,full_log_record,PHONE_NUMBER,1721058773,0.4,88,98
logs_sample.jsonl,430,full_log_record,US_BANK_NUMBER,1721058773,0.05,7,17
logs_sample.jsonl,431,full_log_record,IP_ADDRESS,57.95.179.14,0.95,196,208
logs_sample.jsonl,431,full_log_record,DATE_TIME,1721058910,0.85,7,17
logs_sample.jsonl,431,full_log_record,PHONE_NUMBER,1721058910,0.4,7,17
logs_sample.jsonl,431,full_log_record,PHONE_NUMBER,1721058910,0.4,90,100
logs_sample.jsonl,431,full_log_record,US_BANK_NUMBER,1721058910,0.05,7,17
logs_sample.jsonl,432,full_log_record,EMAIL_ADDRESS,tomas.delgado@example.org,1.0,176,201
logs_sample.jsonl,432,full_log_record,EMAIL_ADDRESS,tomas.delgado@example.org,1.0,288,313
logs_sample.jsonl,432,full_log_record,PERSON,Delgado,0.85,268,275
logs_sample.jsonl,432,full_log_record,LOCATION,Miami,0.85,390,395
logs_sample.jsonl,432,full_log_record,LOCATION,FL,0.85,397,399
logs_sample.jsonl,432,full_log_record,PHONE_NUMBER,+1-786-555-0121,0.75,326,341
logs_sample.jsonl,432,full_log_record,URL,tomas.de,0.5,176,184
logs_sample.jsonl,432,full_log_record,URL,example.org,0.5,190,201
logs_sample.jsonl,432,full_log_record,URL,tomas.de,0.5,288,296
logs_sample.jsonl,432,full_log_record,URL,example.org,0.5,302,313
logs_sample.jsonl,432,full_log_record,PHONE_NUMBER,1721059047,0.4,7,17
logs_sample.jsonl,432,full_log_record,PHONE_NUMBER,1721059047,0.4,88,98
logs_sample.jsonl,432,full_log_record,US_BANK_NUMBER,1721059047,0.05,7,17
logs_sample.jsonl,433,full_log_record,EMAIL_ADDRESS,marcus.webb@example.com,1.0,875,898
logs_sample.jsonl,433,full_log_record,DATE_TIME,2023-08-10,0.95,1190,1200
logs_sample.jsonl,433,full_log_record,DATE_TIME,2023-08-14,0.95,1222,1232
logs_sample.jsonl,433,full_log_record,LOCATION,kb_search      ,0.85,603,618
logs_sample.jsonl,433,full_log_record,DATE_TIME,last month,0.85,744,754
logs_sample.jsonl,433,full_log_record,PERSON,Marcus Webb,0.85,851,862
logs_sample.jsonl,433,full_log_record,DATE_TIME,1877,0.85,950,954
logs_sample.jsonl,433,full_log_record,LOCATION,Chicago,0.85,976,983
logs_sample.jsonl,433,full_log_record,DATE_TIME,8802,0.85,1021,1025
logs_sample.jsonl,433,full_log_record,DATE_TIME,2023-04-11,0.85,1048,1058
logs_sample.jsonl,433,full_log_record,DATE_TIME,1845,0.85,1383,1387
logs_sample.jsonl,433,full_log_record,PHONE_NUMBER,+1-312-555-0143,0.75,911,926
logs_sample.jsonl,433,full_log_record,URL,example.com,0.5,887,898
logs_sample.jsonl,433,full_log_record,PHONE_NUMBER,1721059184,0.4,7,17
logs_sample.jsonl,433,full_log_record,PHONE_NUMBER,1721059184,0.4,88,98
logs_sample.jsonl,433,full_log_record,US_BANK_NUMBER,1721059184,0.05,7,17
logs_sample.jsonl,434,full_log_record,PHONE_NUMBER,1721059321,0.4,7,17
logs_sample.jsonl,434,full_log_record,PHONE_NUMBER,1721059321,0.4,90,100
logs_sample.jsonl,434,full_log_record,US_BANK_NUMBER,1721059321,0.05,7,17
logs_sample.jsonl,435,full_log_record,PHONE_NUMBER,1721059458,0.4,7,17
logs_sample.jsonl,435,full_log_record,PHONE_NUMBER,1721059458,0.4,88,98
logs_sample.jsonl,435,full_log_record,US_BANK_NUMBER,1721059458,0.05,7,17
logs_sample.jsonl,436,full_log_record,IP_ADDRESS,38.150.116.188,0.95,213,227
logs_sample.jsonl,436,full_log_record,PHONE_NUMBER,1721059595,0.4,7,17
logs_sample.jsonl,436,full_log_record,PHONE_NUMBER,1721059595,0.4,90,100
logs_sample.jsonl,436,full_log_record,US_BANK_NUMBER,1721059595,0.05,7,17
logs_sample.jsonl,437,full_log_record,EMAIL_ADDRESS,tomas.delgado@example.org,1.0,176,201
logs_sample.jsonl,437,full_log_record,EMAIL_ADDRESS,tomas.delgado@example.org,1.0,288,313
logs_sample.jsonl,437,full_log_record,PERSON,Delgado,0.85,268,275
logs_sample.jsonl,437,full_log_record,LOCATION,Miami,0.85,390,395
logs_sample.jsonl,437,full_log_record,LOCATION,FL,0.85,397,399
logs_sample.jsonl,437,full_log_record,PHONE_NUMBER,+1-786-555-0121,0.75,326,341
logs_sample.jsonl,437,full_log_record,URL,tomas.de,0.5,176,184
logs_sample.jsonl,437,full_log_record,URL,example.org,0.5,190,201
logs_sample.jsonl,437,full_log_record,URL,tomas.de,0.5,288,296
logs_sample.jsonl,437,full_log_record,URL,example.org,0.5,302,313
logs_sample.jsonl,437,full_log_record,PHONE_NUMBER,1721059732,0.4,7,17
logs_sample.jsonl,437,full_log_record,PHONE_NUMBER,1721059732,0.4,88,98
logs_sample.jsonl,437,full_log_record,US_BANK_NUMBER,1721059732,0.05,7,17
logs_sample.jsonl,438,full_log_record,EMAIL_ADDRESS,tomas.delgado@example.org,1.0,877,902
logs_sample.jsonl,438,full_log_record,DATE_TIME,2025-08-27,0.95,1191,1201
logs_sample.jsonl,438,full_log_record,DATE_TIME,2025-08-28,0.95,1223,1233
logs_sample.jsonl,438,full_log_record,LOCATION,kb_search      ,0.85,603,618
logs_sample.jsonl,438,full_log_record,PERSON,Delgado,0.85,857,864
logs_sample.jsonl,438,full_log_record,LOCATION,Miami,0.85,979,984
logs_sample.jsonl,438,full_log_record,LOCATION,FL,0.85,986,988
logs_sample.jsonl,438,full_log_record,DATE_TIME,2022-11-03,0.85,1049,1059
logs_sample.jsonl,438,full_log_record,PHONE_NUMBER,+1-786-555-0121,0.75,915,930
logs_sample.jsonl,438,full_log_record,URL,tomas.de,0.5,877,885
logs_sample.jsonl,438,full_log_record,URL,example.org,0.5,891,902
logs_sample.jsonl,438,full_log_record,PHONE_NUMBER,1721059869,0.4,7,17
logs_sample.jsonl,438,full_log_record,PHONE_NUMBER,1721059869,0.4,88,98
logs_sample.jsonl,438,full_log_record,US_BANK_NUMBER,1721059869,0.05,7,17
logs_sample.jsonl,439,full_log_record,DATE_TIME,1721060006,0.85,7,17
logs_sample.jsonl,439,full_log_record,PHONE_NUMBER,1721060006,0.4,7,17
logs_sample.jsonl,439,full_log_record,PHONE_NUMBER,1721060006,0.4,90,100
logs_sample.jsonl,439,full_log_record,US_BANK_NUMBER,1721060006,0.05,7,17
logs_sample.jsonl,440,full_log_record,DATE_TIME,1721060143,0.85,7,17
logs_sample.jsonl,440,full_log_record,PHONE_NUMBER,1721060143,0.4,7,17
logs_sample.jsonl,440,full_log_record,PHONE_NUMBER,1721060143,0.4,88,98
logs_sample.jsonl,440,full_log_record,US_BANK_NUMBER,1721060143,0.05,7,17
logs_sample.jsonl,441,full_log_record,IP_ADDRESS,129.74.234.216,0.95,220,234
logs_sample.jsonl,441,full_log_record,PHONE_NUMBER,1721060280,0.4,7,17
logs_sample.jsonl,441,full_log_record,PHONE_NUMBER,1721060280,0.4,90,100
logs_sample.jsonl,441,full_log_record,PHONE_NUMBER,129.74.234.216,0.4,220,234
logs_sample.jsonl,441,full_log_record,US_BANK_NUMBER,1721060280,0.05,7,17
logs_sample.jsonl,442,full_log_record,EMAIL_ADDRESS,priya.raghunathan@example.org,1.0,176,205
logs_sample.jsonl,442,full_log_record,EMAIL_ADDRESS,priya.raghunathan@example.org,1.0,291,320
logs_sample.jsonl,442,full_log_record,DATE_TIME,1721060417,0.85,7,17
logs_sample.jsonl,442,full_log_record,PERSON,sess_1721060417_ff34ed,0.85,83,105
logs_sample.jsonl,442,full_log_record,LOCATION,Newton,0.85,392,398
logs_sample.jsonl,442,full_log_record,PHONE_NUMBER,+1-617-555-0192,0.75,333,348
logs_sample.jsonl,442,full_log_record,URL,example.org,0.5,194,205
logs_sample.jsonl,442,full_log_record,URL,example.org,0.5,309,320
logs_sample.jsonl,442,full_log_record,PHONE_NUMBER,1721060417,0.4,7,17
logs_sample.jsonl,442,full_log_record,PHONE_NUMBER,1721060417,0.4,88,98
logs_sample.jsonl,442,full_log_record,US_BANK_NUMBER,1721060417,0.05,7,17
logs_sample.jsonl,443,full_log_record,EMAIL_ADDRESS,marcus.webb@example.com,1.0,867,890
logs_sample.jsonl,443,full_log_record,DATE_TIME,2024-05-10,0.95,1182,1192
logs_sample.jsonl,443,full_log_record,DATE_TIME,2024-05-14,0.95,1214,1224
logs_sample.jsonl,443,full_log_record,LOCATION,kb_search      ,0.85,603,618
logs_sample.jsonl,443,full_log_record,PERSON,Marcus Webb,0.85,843,854
logs_sample.jsonl,443,full_log_record,DATE_TIME,1877,0.85,942,946
logs_sample.jsonl,443,full_log_record,LOCATION,Chicago,0.85,968,975
logs_sample.jsonl,443,full_log_record,DATE_TIME,8802,0.85,1013,1017
logs_sample.jsonl,443,full_log_record,DATE_TIME,2023-04-11,0.85,1040,1050
logs_sample.jsonl,443,full_log_record,PHONE_NUMBER,+1-312-555-0143,0.75,903,918
logs_sample.jsonl,443,full_log_record,URL,example.com,0.5,879,890
logs_sample.jsonl,443,full_log_record,PHONE_NUMBER,1721060554,0.4,7,17
logs_sample.jsonl,443,full_log_record,PHONE_NUMBER,1721060554,0.4,88,98
logs_sample.jsonl,443,full_log_record,US_BANK_NUMBER,1721060554,0.05,7,17
logs_sample.jsonl,444,full_log_record,PHONE_NUMBER,1721060691,0.4,7,17
logs_sample.jsonl,444,full_log_record,PHONE_NUMBER,1721060691,0.4,90,100
logs_sample.jsonl,444,full_log_record,US_BANK_NUMBER,1721060691,0.05,7,17
logs_sample.jsonl,445,full_log_record,EMAIL_ADDRESS,tomas.delgado@example.org,1.0,287,312
logs_sample.jsonl,445,full_log_record,PERSON,Delgado,0.85,278,285
logs_sample.jsonl,445,full_log_record,DATE_TIME,RF-2026-88444,0.85,388,401
logs_sample.jsonl,445,full_log_record,URL,tomas.de,0.5,287,295
logs_sample.jsonl,445,full_log_record,URL,example.org,0.5,301,312
logs_sample.jsonl,445,full_log_record,PHONE_NUMBER,1721060828,0.4,7,17
logs_sample.jsonl,445,full_log_record,PHONE_NUMBER,1721060828,0.4,88,98
logs_sample.jsonl,445,full_log_record,US_BANK_NUMBER,1721060828,0.05,7,17
logs_sample.jsonl,446,full_log_record,IP_ADDRESS,53.205.226.136,0.95,218,232
logs_sample.jsonl,446,full_log_record,PHONE_NUMBER,1721060965,0.4,7,17
logs_sample.jsonl,446,full_log_record,PHONE_NUMBER,1721060965,0.4,90,100
logs_sample.jsonl,446,full_log_record,US_BANK_NUMBER,1721060965,0.05,7,17
logs_sample.jsonl,447,full_log_record,EMAIL_ADDRESS,tomas.delgado@example.org,1.0,176,201
logs_sample.jsonl,447,full_log_record,EMAIL_ADDRESS,tomas.delgado@example.org,1.0,288,313
logs_sample.jsonl,447,full_log_record,PERSON,Delgado,0.85,268,275
logs_sample.jsonl,447,full_log_record,LOCATION,Miami,0.85,390,395
logs_sample.jsonl,447,full_log_record,LOCATION,FL,0.85,397,399
logs_sample.jsonl,447,full_log_record,PHONE_NUMBER,+1-786-555-0121,0.75,326,341
logs_sample.jsonl,447,full_log_record,URL,tomas.de,0.5,176,184
logs_sample.jsonl,447,full_log_record,URL,example.org,0.5,190,201
logs_sample.jsonl,447,full_log_record,URL,tomas.de,0.5,288,296
logs_sample.jsonl,447,full_log_record,URL,example.org,0.5,302,313
logs_sample.jsonl,447,full_log_record,PHONE_NUMBER,1721061102,0.4,7,17
logs_sample.jsonl,447,full_log_record,PHONE_NUMBER,1721061102,0.4,88,98
logs_sample.jsonl,447,full_log_record,US_BANK_NUMBER,1721061102,0.05,7,17
logs_sample.jsonl,448,full_log_record,EMAIL_ADDRESS,daniel.okonkwo@example.net,1.0,909,935
logs_sample.jsonl,448,full_log_record,DATE_TIME,2026-06-27,0.95,1225,1235
logs_sample.jsonl,448,full_log_record,DATE_TIME,2026-07-02,0.95,1257,1267
logs_sample.jsonl,448,full_log_record,DATE_TIME,1721061239,0.85,7,17
logs_sample.jsonl,448,full_log_record,LOCATION,kb_search      ,0.85,603,618
logs_sample.jsonl,448,full_log_record,DATE_TIME,three weeks,0.85,728,739
logs_sample.jsonl,448,full_log_record,PERSON,Daniel Okonkwo,0.85,882,896
logs_sample.jsonl,448,full_log_record,DATE_TIME,4419,0.85,987,991
logs_sample.jsonl,448,full_log_record,LOCATION,Hawthorne Blvd,0.85,995,1009
logs_sample.jsonl,448,full_log_record,LOCATION,Portland,0.85,1011,1019
logs_sample.jsonl,448,full_log_record,DATE_TIME,2024-01-22,0.85,1084,1094
logs_sample.jsonl,448,full_log_record,DATE_TIME,1370,0.85,1417,1421
logs_sample.jsonl,448,full_log_record,PHONE_NUMBER,+1-503-555-0178,0.75,948,963
logs_sample.jsonl,448,full_log_record,URL,example.net,0.5,924,935
logs_sample.jsonl,448,full_log_record,PHONE_NUMBER,1721061239,0.4,7,17
logs_sample.jsonl,448,full_log_record,PHONE_NUMBER,1721061239,0.4,88,98
logs_sample.jsonl,448,full_log_record,US_BANK_NUMBER,1721061239,0.05,7,17
logs_sample.jsonl,449,full_log_record,DATE_TIME,4 business hours,0.85,217,233
logs_sample.jsonl,449,full_log_record,PHONE_NUMBER,1721061376,0.4,7,17
logs_sample.jsonl,449,full_log_record,PHONE_NUMBER,1721061376,0.4,90,100
logs_sample.jsonl,449,full_log_record,US_BANK_NUMBER,1721061376,0.05,7,17
logs_sample.jsonl,450,full_log_record,PHONE_NUMBER,1721061513,0.4,7,17
logs_sample.jsonl,450,full_log_record,PHONE_NUMBER,1721061513,0.4,88,98
logs_sample.jsonl,450,full_log_record,US_BANK_NUMBER,1721061513,0.05,7,17
logs_sample.jsonl,451,full_log_record,IP_ADDRESS,132.71.177.93,0.95,218,231
logs_sample.jsonl,451,full_log_record,PHONE_NUMBER,1721061650,0.4,7,17
logs_sample.jsonl,451,full_log_record,PHONE_NUMBER,1721061650,0.4,90,100
logs_sample.jsonl,451,full_log_record,PHONE_NUMBER,132.71.177.93,0.4,218,231
logs_sample.jsonl,451,full_log_record,US_BANK_NUMBER,1721061650,0.05,7,17
logs_sample.jsonl,452,full_log_record,EMAIL_ADDRESS,marcus.webb@example.com,1.0,176,199
logs_sample.jsonl,452,full_log_record,EMAIL_ADDRESS,marcus.webb@example.com,1.0,279,302
logs_sample.jsonl,452,full_log_record,PERSON,Marcus Webb,0.85,255,266
logs_sample.jsonl,452,full_log_record,DATE_TIME,1877,0.85,354,358
logs_sample.jsonl,452,full_log_record,LOCATION,Chicago,0.85,380,387
logs_sample.jsonl,452,full_log_record,DATE_TIME,8802,0.85,425,429
logs_sample.jsonl,452,full_log_record,PHONE_NUMBER,+1-312-555-0143,0.75,315,330
logs_sample.jsonl,452,full_log_record,URL,example.com,0.5,188,199
logs_sample.jsonl,452,full_log_record,URL,example.com,0.5,291,302
logs_sample.jsonl,452,full_log_record,PHONE_NUMBER,1721061787,0.4,7,17
logs_sample.jsonl,452,full_log_record,PHONE_NUMBER,1721061787,0.4,88,98
logs_sample.jsonl,452,full_log_record,US_BANK_NUMBER,1721061787,0.05,7,17
logs_sample.jsonl,453,full_log_record,EMAIL_ADDRESS,priya.raghunathan@example.org,1.0,870,899
logs_sample.jsonl,453,full_log_record,DATE_TIME,2025-08-06,0.95,1185,1195
logs_sample.jsonl,453,full_log_record,DATE_TIME,2025-08-13,0.95,1217,1227
logs_sample.jsonl,453,full_log_record,LOCATION,kb_search      ,0.85,603,618
logs_sample.jsonl,453,full_log_record,PERSON,Kessler,0.85,717,724
logs_sample.jsonl,453,full_log_record,LOCATION,Newton,0.85,971,977
logs_sample.jsonl,453,full_log_record,DATE_TIME,2021-09-30,0.85,1042,1052
logs_sample.jsonl,453,full_log_record,DATE_TIME,1378,0.85,1376,1380
logs_sample.jsonl,453,full_log_record,PHONE_NUMBER,+1-617-555-0192,0.75,912,927
logs_sample.jsonl,453,full_log_record,URL,example.org,0.5,888,899
logs_sample.jsonl,453,full_log_record,PHONE_NUMBER,1721061924,0.4,7,17
logs_sample.jsonl,453,full_log_record,PHONE_NUMBER,1721061924,0.4,88,98
logs_sample.jsonl,453,full_log_record,US_BANK_NUMBER,1721061924,0.05,7,17
logs_sample.jsonl,454,full_log_record,PHONE_NUMBER,1721062061,0.4,7,17
logs_sample.jsonl,454,full_log_record,PHONE_NUMBER,1721062061,0.4,90,100
logs_sample.jsonl,454,full_log_record,US_BANK_NUMBER,1721062061,0.05,7,17
logs_sample.jsonl,455,full_log_record,EMAIL_ADDRESS,priya.raghunathan@example.org,1.0,290,319
logs_sample.jsonl,455,full_log_record,DATE_TIME,RF-2026-88454,0.85,395,408
logs_sample.jsonl,455,full_log_record,URL,example.org,0.5,308,319
logs_sample.jsonl,455,full_log_record,PHONE_NUMBER,1721062198,0.4,7,17
logs_sample.jsonl,455,full_log_record,PHONE_NUMBER,1721062198,0.4,88,98
logs_sample.jsonl,455,full_log_record,US_BANK_NUMBER,1721062198,0.05,7,17
logs_sample.jsonl,456,full_log_record,IP_ADDRESS,43.116.219.239,0.95,226,240
logs_sample.jsonl,456,full_log_record,DATE_TIME,ORD-2026-5010,0.85,196,209
logs_sample.jsonl,456,full_log_record,PHONE_NUMBER,1721062335,0.4,7,17
logs_sample.jsonl,456,full_log_record,PHONE_NUMBER,1721062335,0.4,90,100
logs_sample.jsonl,456,full_log_record,US_BANK_NUMBER,1721062335,0.05,7,17
logs_sample.jsonl,457,full_log_record,EMAIL_ADDRESS,tomas.delgado@example.org,1.0,176,201
logs_sample.jsonl,457,full_log_record,EMAIL_ADDRESS,tomas.delgado@example.org,1.0,288,313
logs_sample.jsonl,457,full_log_record,DATE_TIME,1721062472,0.85,7,17
logs_sample.jsonl,457,full_log_record,PERSON,Delgado,0.85,268,275
logs_sample.jsonl,457,full_log_record,LOCATION,Miami,0.85,390,395
logs_sample.jsonl,457,full_log_record,LOCATION,FL,0.85,397,399
logs_sample.jsonl,457,full_log_record,PHONE_NUMBER,+1-786-555-0121,0.75,326,341
logs_sample.jsonl,457,full_log_record,URL,tomas.de,0.5,176,184
logs_sample.jsonl,457,full_log_record,URL,example.org,0.5,190,201
logs_sample.jsonl,457,full_log_record,URL,tomas.de,0.5,288,296
logs_sample.jsonl,457,full_log_record,URL,example.org,0.5,302,313
logs_sample.jsonl,457,full_log_record,PHONE_NUMBER,1721062472,0.4,7,17
logs_sample.jsonl,457,full_log_record,PHONE_NUMBER,1721062472,0.4,88,98
logs_sample.jsonl,457,full_log_record,US_BANK_NUMBER,1721062472,0.05,7,17
logs_sample.jsonl,458,full_log_record,EMAIL_ADDRESS,marcus.webb@example.com,1.0,850,873
logs_sample.jsonl,458,full_log_record,DATE_TIME,2024-07-01,0.95,1165,1175
logs_sample.jsonl,458,full_log_record,DATE_TIME,2024-07-06,0.95,1197,1207
logs_sample.jsonl,458,full_log_record,LOCATION,kb_search      ,0.85,603,618
logs_sample.jsonl,458,full_log_record,PERSON,Marcus Webb,0.85,826,837
logs_sample.jsonl,458,full_log_record,DATE_TIME,1877,0.85,925,929
logs_sample.jsonl,458,full_log_record,LOCATION,Chicago,0.85,951,958
logs_sample.jsonl,458,full_log_record,DATE_TIME,8802,0.85,996,1000
logs_sample.jsonl,458,full_log_record,DATE_TIME,2023-04-11,0.85,1023,1033
logs_sample.jsonl,458,full_log_record,LOCATION,Ridge Planter,0.85,1264,1277
logs_sample.jsonl,458,full_log_record,DATE_TIME,1426,0.85,1440,1444
logs_sample.jsonl,458,full_log_record,PHONE_NUMBER,+1-312-555-0143,0.75,886,901
logs_sample.jsonl,458,full_log_record,URL,example.com,0.5,862,873
logs_sample.jsonl,458,full_log_record,PHONE_NUMBER,1721062609,0.4,7,17
logs_sample.jsonl,458,full_log_record,PHONE_NUMBER,1721062609,0.4,88,98
logs_sample.jsonl,458,full_log_record,US_BANK_NUMBER,1721062609,0.05,7,17
logs_sample.jsonl,459,full_log_record,PHONE_NUMBER,1721062746,0.4,7,17
logs_sample.jsonl,459,full_log_record,PHONE_NUMBER,1721062746,0.4,90,100
logs_sample.jsonl,459,full_log_record,US_BANK_NUMBER,1721062746,0.05,7,17
logs_sample.jsonl,460,full_log_record,DATE_TIME,two weeks,0.85,204,213
logs_sample.jsonl,460,full_log_record,PHONE_NUMBER,1721062883,0.4,7,17
logs_sample.jsonl,460,full_log_record,PHONE_NUMBER,1721062883,0.4,88,98
logs_sample.jsonl,460,full_log_record,US_BANK_NUMBER,1721062883,0.05,7,17
logs_sample.jsonl,461,full_log_record,IP_ADDRESS,167.69.58.84,0.95,215,227
logs_sample.jsonl,461,full_log_record,DATE_TIME,1721063020,0.85,7,17
logs_sample.jsonl,461,full_log_record,DATE_TIME,two weeks,0.85,189,198
logs_sample.jsonl,461,full_log_record,PHONE_NUMBER,1721063020,0.4,7,17
logs_sample.jsonl,461,full_log_record,PHONE_NUMBER,1721063020,0.4,90,100
logs_sample.jsonl,461,full_log_record,US_BANK_NUMBER,1721063020,0.05,7,17
logs_sample.jsonl,462,full_log_record,EMAIL_ADDRESS,marcus.webb@example.com,1.0,176,199
logs_sample.jsonl,462,full_log_record,EMAIL_ADDRESS,marcus.webb@example.com,1.0,279,302
logs_sample.jsonl,462,full_log_record,DATE_TIME,1721063157,0.85,7,17
logs_sample.jsonl,462,full_log_record,PERSON,Marcus Webb,0.85,255,266
logs_sample.jsonl,462,full_log_record,DATE_TIME,1877,0.85,354,358
logs_sample.jsonl,462,full_log_record,LOCATION,Chicago,0.85,380,387
logs_sample.jsonl,462,full_log_record,DATE_TIME,8802,0.85,425,429
logs_sample.jsonl,462,full_log_record,PHONE_NUMBER,+1-312-555-0143,0.75,315,330
logs_sample.jsonl,462,full_log_record,URL,example.com,0.5,188,199
logs_sample.jsonl,462,full_log_record,URL,example.com,0.5,291,302
logs_sample.jsonl,462,full_log_record,PHONE_NUMBER,1721063157,0.4,7,17
logs_sample.jsonl,462,full_log_record,PHONE_NUMBER,1721063157,0.4,88,98
logs_sample.jsonl,462,full_log_record,US_BANK_NUMBER,1721063157,0.05,7,17
logs_sample.jsonl,463,full_log_record,EMAIL_ADDRESS,marcus.webb@example.com,1.0,864,887
logs_sample.jsonl,463,full_log_record,DATE_TIME,2024-05-10,0.95,1179,1189
logs_sample.jsonl,463,full_log_record,DATE_TIME,2024-05-14,0.95,1211,1221
logs_sample.jsonl,463,full_log_record,DATE_TIME,1721063294,0.85,7,17
logs_sample.jsonl,463,full_log_record,LOCATION,kb_search      ,0.85,603,618
logs_sample.jsonl,463,full_log_record,PERSON,Kessler,0.85,717,724
logs_sample.jsonl,463,full_log_record,PERSON,Marcus Webb,0.85,840,851
logs_sample.jsonl,463,full_log_record,DATE_TIME,1877,0.85,939,943
logs_sample.jsonl,463,full_log_record,LOCATION,Chicago,0.85,965,972
logs_sample.jsonl,463,full_log_record,DATE_TIME,8802,0.85,1010,1014
logs_sample.jsonl,463,full_log_record,DATE_TIME,2023-04-11,0.85,1037,1047
logs_sample.jsonl,463,full_log_record,DATE_TIME,2037,0.85,1447,1451
logs_sample.jsonl,463,full_log_record,PHONE_NUMBER,+1-312-555-0143,0.75,900,915
logs_sample.jsonl,463,full_log_record,URL,example.com,0.5,876,887
logs_sample.jsonl,463,full_log_record,PHONE_NUMBER,1721063294,0.4,7,17
logs_sample.jsonl,463,full_log_record,PHONE_NUMBER,1721063294,0.4,88,98
logs_sample.jsonl,463,full_log_record,US_BANK_NUMBER,1721063294,0.05,7,17
logs_sample.jsonl,464,full_log_record,PHONE_NUMBER,1721063431,0.4,7,17
logs_sample.jsonl,464,full_log_record,PHONE_NUMBER,1721063431,0.4,90,100
logs_sample.jsonl,464,full_log_record,US_BANK_NUMBER,1721063431,0.05,7,17
logs_sample.jsonl,465,full_log_record,DATE_TIME,1721063568,0.85,7,17
logs_sample.jsonl,465,full_log_record,PHONE_NUMBER,1721063568,0.4,7,17
logs_sample.jsonl,465,full_log_record,PHONE_NUMBER,1721063568,0.4,88,98
logs_sample.jsonl,465,full_log_record,US_BANK_NUMBER,1721063568,0.05,7,17
logs_sample.jsonl,466,full_log_record,IP_ADDRESS,146.200.10.85,0.95,196,209
logs_sample.jsonl,466,full_log_record,PHONE_NUMBER,1721063705,0.4,7,17
logs_sample.jsonl,466,full_log_record,PHONE_NUMBER,1721063705,0.4,90,100
logs_sample.jsonl,466,full_log_record,US_BANK_NUMBER,1721063705,0.05,7,17
logs_sample.jsonl,467,full_log_record,EMAIL_ADDRESS,sofia.bergqvist@example.com,1.0,176,203
logs_sample.jsonl,467,full_log_record,EMAIL_ADDRESS,sofia.bergqvist@example.com,1.0,287,314
logs_sample.jsonl,467,full_log_record,PERSON,Sofia Bergqvist,0.85,259,274
logs_sample.jsonl,467,full_log_record,LOCATION,Seattle,0.85,388,395
logs_sample.jsonl,467,full_log_record,LOCATION,WA,0.85,397,399
logs_sample.jsonl,467,full_log_record,PHONE_NUMBER,+1-206-555-0165,0.75,327,342
logs_sample.jsonl,467,full_log_record,URL,sofia.be,0.5,176,184
logs_sample.jsonl,467,full_log_record,URL,example.com,0.5,192,203
logs_sample.jsonl,467,full_log_record,URL,sofia.be,0.5,287,295
logs_sample.jsonl,467,full_log_record,URL,example.com,0.5,303,314
logs_sample.jsonl,467,full_log_record,PHONE_NUMBER,1721063842,0.4,7,17
logs_sample.jsonl,467,full_log_record,PHONE_NUMBER,1721063842,0.4,88,98
logs_sample.jsonl,467,full_log_record,US_BANK_NUMBER,1721063842,0.05,7,17
logs_sample.jsonl,468,full_log_record,EMAIL_ADDRESS,priya.raghunathan@example.org,1.0,890,919
logs_sample.jsonl,468,full_log_record,DATE_TIME,2024-12-27,0.95,1205,1215
logs_sample.jsonl,468,full_log_record,DATE_TIME,2024-12-28,0.95,1237,1247
logs_sample.jsonl,468,full_log_record,DATE_TIME,1721063979,0.85,7,17
logs_sample.jsonl,468,full_log_record,LOCATION,kb_search      ,0.85,603,618
logs_sample.jsonl,468,full_log_record,LOCATION,Newton,0.85,991,997
logs_sample.jsonl,468,full_log_record,DATE_TIME,2021-09-30,0.85,1062,1072
logs_sample.jsonl,468,full_log_record,PHONE_NUMBER,+1-617-555-0192,0.75,932,947
logs_sample.jsonl,468,full_log_record,URL,example.org,0.5,908,919
logs_sample.jsonl,468,full_log_record,PHONE_NUMBER,1721063979,0.4,7,17
logs_sample.jsonl,468,full_log_record,PHONE_NUMBER,1721063979,0.4,88,98
logs_sample.jsonl,468,full_log_record,US_BANK_NUMBER,1721063979,0.05,7,17
logs_sample.jsonl,469,full_log_record,PHONE_NUMBER,1721064116,0.4,7,17
logs_sample.jsonl,469,full_log_record,PHONE_NUMBER,1721064116,0.4,90,100
logs_sample.jsonl,469,full_log_record,US_BANK_NUMBER,1721064116,0.05,7,17
logs_sample.jsonl,470,full_log_record,PHONE_NUMBER,1721064253,0.4,7,17
logs_sample.jsonl,470,full_log_record,PHONE_NUMBER,1721064253,0.4,88,98
logs_sample.jsonl,470,full_log_record,US_BANK_NUMBER,1721064253,0.05,7,17
logs_sample.jsonl,471,full_log_record,IP_ADDRESS,139.137.247.91,0.95,213,227
logs_sample.jsonl,471,full_log_record,PHONE_NUMBER,1721064390,0.4,7,17
logs_sample.jsonl,471,full_log_record,PHONE_NUMBER,1721064390,0.4,90,100
logs_sample.jsonl,471,full_log_record,PHONE_NUMBER,139.137.247.91,0.4,213,227
logs_sample.jsonl,471,full_log_record,US_BANK_NUMBER,1721064390,0.05,7,17
logs_sample.jsonl,472,full_log_record,EMAIL_ADDRESS,sofia.bergqvist@example.com,1.0,176,203
logs_sample.jsonl,472,full_log_record,EMAIL_ADDRESS,sofia.bergqvist@example.com,1.0,287,314
logs_sample.jsonl,472,full_log_record,DATE_TIME,1721064527,0.85,7,17
logs_sample.jsonl,472,full_log_record,PERSON,Sofia Bergqvist,0.85,259,274
logs_sample.jsonl,472,full_log_record,LOCATION,Seattle,0.85,388,395
logs_sample.jsonl,472,full_log_record,LOCATION,WA,0.85,397,399
logs_sample.jsonl,472,full_log_record,PHONE_NUMBER,+1-206-555-0165,0.75,327,342
logs_sample.jsonl,472,full_log_record,URL,sofia.be,0.5,176,184
logs_sample.jsonl,472,full_log_record,URL,example.com,0.5,192,203
logs_sample.jsonl,472,full_log_record,URL,sofia.be,0.5,287,295
logs_sample.jsonl,472,full_log_record,URL,example.com,0.5,303,314
logs_sample.jsonl,472,full_log_record,PHONE_NUMBER,1721064527,0.4,7,17
logs_sample.jsonl,472,full_log_record,PHONE_NUMBER,1721064527,0.4,88,98
logs_sample.jsonl,472,full_log_record,US_BANK_NUMBER,1721064527,0.05,7,17
logs_sample.jsonl,473,full_log_record,EMAIL_ADDRESS,daniel.okonkwo@example.net,1.0,877,903
logs_sample.jsonl,473,full_log_record,DATE_TIME,2025-03-26,0.95,1193,1203
logs_sample.jsonl,473,full_log_record,DATE_TIME,2025-03-28,0.95,1225,1235
logs_sample.jsonl,473,full_log_record,DATE_TIME,1721064664,0.85,7,17
logs_sample.jsonl,473,full_log_record,LOCATION,kb_search      ,0.85,603,618
logs_sample.jsonl,473,full_log_record,PERSON,Daniel Okonkwo,0.85,850,864
logs_sample.jsonl,473,full_log_record,DATE_TIME,4419,0.85,955,959
logs_sample.jsonl,473,full_log_record,LOCATION,Hawthorne Blvd,0.85,963,977
logs_sample.jsonl,473,full_log_record,LOCATION,Portland,0.85,979,987
logs_sample.jsonl,473,full_log_record,DATE_TIME,2024-01-22,0.85,1052,1062
logs_sample.jsonl,473,full_log_record,PHONE_NUMBER,+1-503-555-0178,0.75,916,931
logs_sample.jsonl,473,full_log_record,URL,example.net,0.5,892,903
logs_sample.jsonl,473,full_log_record,PHONE_NUMBER,1721064664,0.4,7,17
logs_sample.jsonl,473,full_log_record,PHONE_NUMBER,1721064664,0.4,88,98
logs_sample.jsonl,473,full_log_record,US_BANK_NUMBER,1721064664,0.05,7,17
logs_sample.jsonl,474,full_log_record,DATE_TIME,1721064801,0.85,7,17
logs_sample.jsonl,474,full_log_record,PHONE_NUMBER,1721064801,0.4,7,17
logs_sample.jsonl,474,full_log_record,PHONE_NUMBER,1721064801,0.4,90,100
logs_sample.jsonl,474,full_log_record,US_BANK_NUMBER,1721064801,0.05,7,17
logs_sample.jsonl,475,full_log_record,PHONE_NUMBER,1721064938,0.4,7,17
logs_sample.jsonl,475,full_log_record,PHONE_NUMBER,1721064938,0.4,88,98
logs_sample.jsonl,475,full_log_record,US_BANK_NUMBER,1721064938,0.05,7,17
logs_sample.jsonl,476,full_log_record,IP_ADDRESS,42.82.41.186,0.95,216,228
logs_sample.jsonl,476,full_log_record,PHONE_NUMBER,1721065075,0.4,7,17
logs_sample.jsonl,476,full_log_record,PHONE_NUMBER,1721065075,0.4,90,100
logs_sample.jsonl,476,full_log_record,US_BANK_NUMBER,1721065075,0.05,7,17
logs_sample.jsonl,477,full_log_record,EMAIL_ADDRESS,marcus.webb@example.com,1.0,176,199
logs_sample.jsonl,477,full_log_record,EMAIL_ADDRESS,marcus.webb@example.com,1.0,279,302
logs_sample.jsonl,477,full_log_record,PERSON,Marcus Webb,0.85,255,266
logs_sample.jsonl,477,full_log_record,DATE_TIME,1877,0.85,354,358
logs_sample.jsonl,477,full_log_record,LOCATION,Chicago,0.85,380,387
logs_sample.jsonl,477,full_log_record,DATE_TIME,8802,0.85,425,429
logs_sample.jsonl,477,full_log_record,PHONE_NUMBER,+1-312-555-0143,0.75,315,330
logs_sample.jsonl,477,full_log_record,URL,example.com,0.5,188,199
logs_sample.jsonl,477,full_log_record,URL,example.com,0.5,291,302
logs_sample.jsonl,477,full_log_record,PHONE_NUMBER,1721065212,0.4,7,17
logs_sample.jsonl,477,full_log_record,PHONE_NUMBER,1721065212,0.4,88,98
logs_sample.jsonl,477,full_log_record,US_BANK_NUMBER,1721065212,0.05,7,17
logs_sample.jsonl,478,full_log_record,EMAIL_ADDRESS,tomas.delgado@example.org,1.0,882,907
logs_sample.jsonl,478,full_log_record,DATE_TIME,2023-07-18,0.95,1196,1206
logs_sample.jsonl,478,full_log_record,DATE_TIME,1721065349,0.85,7,17
logs_sample.jsonl,478,full_log_record,LOCATION,kb_search      ,0.85,603,618
logs_sample.jsonl,478,full_log_record,DATE_TIME,last month,0.85,744,754
logs_sample.jsonl,478,full_log_record,PERSON,Delgado,0.85,862,869
logs_sample.jsonl,478,full_log_record,LOCATION,Miami,0.85,984,989
logs_sample.jsonl,478,full_log_record,LOCATION,FL,0.85,991,993
logs_sample.jsonl,478,full_log_record,DATE_TIME,2022-11-03,0.85,1054,1064
logs_sample.jsonl,478,full_log_record,DATE_TIME,1716,0.85,1379,1383
logs_sample.jsonl,478,full_log_record,PHONE_NUMBER,+1-786-555-0121,0.75,920,935
logs_sample.jsonl,478,full_log_record,URL,tomas.de,0.5,882,890
logs_sample.jsonl,478,full_log_record,URL,example.org,0.5,896,907
logs_sample.jsonl,478,full_log_record,PHONE_NUMBER,1721065349,0.4,7,17
logs_sample.jsonl,478,full_log_record,PHONE_NUMBER,1721065349,0.4,88,98
logs_sample.jsonl,478,full_log_record,US_BANK_NUMBER,1721065349,0.05,7,17
logs_sample.jsonl,479,full_log_record,PHONE_NUMBER,1721065486,0.4,7,17
logs_sample.jsonl,479,full_log_record,PHONE_NUMBER,1721065486,0.4,90,100
logs_sample.jsonl,479,full_log_record,US_BANK_NUMBER,1721065486,0.05,7,17
logs_sample.jsonl,480,full_log_record,DATE_TIME,1721065623,0.85,7,17
logs_sample.jsonl,480,full_log_record,PHONE_NUMBER,1721065623,0.4,7,17
logs_sample.jsonl,480,full_log_record,PHONE_NUMBER,1721065623,0.4,88,98
logs_sample.jsonl,480,full_log_record,US_BANK_NUMBER,1721065623,0.05,7,17
logs_sample.jsonl,481,full_log_record,IP_ADDRESS,109.94.56.129,0.95,220,233
logs_sample.jsonl,481,full_log_record,PHONE_NUMBER,1721065760,0.4,7,17
logs_sample.jsonl,481,full_log_record,PHONE_NUMBER,1721065760,0.4,90,100
logs_sample.jsonl,481,full_log_record,US_BANK_NUMBER,1721065760,0.05,7,17
logs_sample.jsonl,482,full_log_record,EMAIL_ADDRESS,sofia.bergqvist@example.com,1.0,176,203
logs_sample.jsonl,482,full_log_record,EMAIL_ADDRESS,sofia.bergqvist@example.com,1.0,287,314
logs_sample.jsonl,482,full_log_record,DATE_TIME,1721065897,0.85,7,17
logs_sample.jsonl,482,full_log_record,PERSON,Sofia Bergqvist,0.85,259,274
logs_sample.jsonl,482,full_log_record,LOCATION,Seattle,0.85,388,395
logs_sample.jsonl,482,full_log_record,LOCATION,WA,0.85,397,399
logs_sample.jsonl,482,full_log_record,PHONE_NUMBER,+1-206-555-0165,0.75,327,342
logs_sample.jsonl,482,full_log_record,URL,sofia.be,0.5,176,184
logs_sample.jsonl,482,full_log_record,URL,example.com,0.5,192,203
logs_sample.jsonl,482,full_log_record,URL,sofia.be,0.5,287,295
logs_sample.jsonl,482,full_log_record,URL,example.com,0.5,303,314
logs_sample.jsonl,482,full_log_record,PHONE_NUMBER,1721065897,0.4,7,17
logs_sample.jsonl,482,full_log_record,PHONE_NUMBER,1721065897,0.4,88,98
logs_sample.jsonl,482,full_log_record,US_BANK_NUMBER,1721065897,0.05,7,17
logs_sample.jsonl,483,full_log_record,EMAIL_ADDRESS,tomas.delgado@example.org,1.0,881,906
logs_sample.jsonl,483,full_log_record,DATE_TIME,2025-02-22,0.95,1195,1205
logs_sample.jsonl,483,full_log_record,DATE_TIME,2025-02-26,0.95,1227,1237
logs_sample.jsonl,483,full_log_record,LOCATION,kb_search      ,0.85,603,618
logs_sample.jsonl,483,full_log_record,PERSON,Delgado,0.85,861,868
logs_sample.jsonl,483,full_log_record,LOCATION,Miami,0.85,983,988
logs_sample.jsonl,483,full_log_record,LOCATION,FL,0.85,990,992
logs_sample.jsonl,483,full_log_record,DATE_TIME,2022-11-03,0.85,1053,1063
logs_sample.jsonl,483,full_log_record,DATE_TIME,1764,0.85,1386,1390
logs_sample.jsonl,483,full_log_record,PHONE_NUMBER,+1-786-555-0121,0.75,919,934
logs_sample.jsonl,483,full_log_record,URL,tomas.de,0.5,881,889
logs_sample.jsonl,483,full_log_record,URL,example.org,0.5,895,906
logs_sample.jsonl,483,full_log_record,PHONE_NUMBER,1721066034,0.4,7,17
logs_sample.jsonl,483,full_log_record,PHONE_NUMBER,1721066034,0.4,88,98
logs_sample.jsonl,483,full_log_record,US_BANK_NUMBER,1721066034,0.05,7,17
logs_sample.jsonl,484,full_log_record,PHONE_NUMBER,1721066171,0.4,7,17
logs_sample.jsonl,484,full_log_record,PHONE_NUMBER,1721066171,0.4,90,100
logs_sample.jsonl,484,full_log_record,US_BANK_NUMBER,1721066171,0.05,7,17
logs_sample.jsonl,485,full_log_record,EMAIL_ADDRESS,tomas.delgado@example.org,1.0,290,315
logs_sample.jsonl,485,full_log_record,PERSON,Delgado,0.85,281,288
logs_sample.jsonl,485,full_log_record,URL,tomas.de,0.5,290,298
logs_sample.jsonl,485,full_log_record,URL,example.org,0.5,304,315
logs_sample.jsonl,485,full_log_record,PHONE_NUMBER,1721066308,0.4,7,17
logs_sample.jsonl,485,full_log_record,PHONE_NUMBER,1721066308,0.4,88,98
logs_sample.jsonl,485,full_log_record,US_BANK_NUMBER,1721066308,0.05,7,17
logs_sample.jsonl,486,full_log_record,IP_ADDRESS,123.169.190.58,0.95,220,234
logs_sample.jsonl,486,full_log_record,PHONE_NUMBER,1721066445,0.4,7,17
logs_sample.jsonl,486,full_log_record,PHONE_NUMBER,1721066445,0.4,90,100
logs_sample.jsonl,486,full_log_record,PHONE_NUMBER,123.169.190.58,0.4,220,234
logs_sample.jsonl,486,full_log_record,US_BANK_NUMBER,1721066445,0.05,7,17
logs_sample.jsonl,487,full_log_record,EMAIL_ADDRESS,marcus.webb@example.com,1.0,176,199
logs_sample.jsonl,487,full_log_record,EMAIL_ADDRESS,marcus.webb@example.com,1.0,279,302
logs_sample.jsonl,487,full_log_record,PERSON,Marcus Webb,0.85,255,266
logs_sample.jsonl,487,full_log_record,DATE_TIME,1877,0.85,354,358
logs_sample.jsonl,487,full_log_record,LOCATION,Chicago,0.85,380,387
logs_sample.jsonl,487,full_log_record,DATE_TIME,8802,0.85,425,429
logs_sample.jsonl,487,full_log_record,PHONE_NUMBER,+1-312-555-0143,0.75,315,330
logs_sample.jsonl,487,full_log_record,URL,example.com,0.5,188,199
logs_sample.jsonl,487,full_log_record,URL,example.com,0.5,291,302
logs_sample.jsonl,487,full_log_record,PHONE_NUMBER,1721066582,0.4,7,17
logs_sample.jsonl,487,full_log_record,PHONE_NUMBER,1721066582,0.4,88,98
logs_sample.jsonl,487,full_log_record,US_BANK_NUMBER,1721066582,0.05,7,17
logs_sample.jsonl,488,full_log_record,EMAIL_ADDRESS,tomas.delgado@example.org,1.0,881,906
logs_sample.jsonl,488,full_log_record,DATE_TIME,2026-05-14,0.95,1195,1205
logs_sample.jsonl,488,full_log_record,DATE_TIME,2026-05-20,0.95,1227,1237
logs_sample.jsonl,488,full_log_record,DATE_TIME,1721066719,0.85,7,17
logs_sample.jsonl,488,full_log_record,LOCATION,kb_search      ,0.85,603,618
logs_sample.jsonl,488,full_log_record,PERSON,Delgado,0.85,861,868
logs_sample.jsonl,488,full_log_record,LOCATION,Miami,0.85,983,988
logs_sample.jsonl,488,full_log_record,LOCATION,FL,0.85,990,992
logs_sample.jsonl,488,full_log_record,DATE_TIME,2022-11-03,0.85,1053,1063
logs_sample.jsonl,488,full_log_record,PHONE_NUMBER,+1-786-555-0121,0.75,919,934
logs_sample.jsonl,488,full_log_record,URL,tomas.de,0.5,881,889
logs_sample.jsonl,488,full_log_record,URL,example.org,0.5,895,906
logs_sample.jsonl,488,full_log_record,PHONE_NUMBER,1721066719,0.4,7,17
logs_sample.jsonl,488,full_log_record,PHONE_NUMBER,1721066719,0.4,88,98
logs_sample.jsonl,488,full_log_record,US_BANK_NUMBER,1721066719,0.05,7,17
logs_sample.jsonl,489,full_log_record,DATE_TIME,1721066856,0.85,7,17
logs_sample.jsonl,489,full_log_record,PHONE_NUMBER,1721066856,0.4,7,17
logs_sample.jsonl,489,full_log_record,PHONE_NUMBER,1721066856,0.4,90,100
logs_sample.jsonl,489,full_log_record,US_BANK_NUMBER,1721066856,0.05,7,17
logs_sample.jsonl,490,full_log_record,PHONE_NUMBER,1721066993,0.4,7,17
logs_sample.jsonl,490,full_log_record,PHONE_NUMBER,1721066993,0.4,88,98
logs_sample.jsonl,490,full_log_record,US_BANK_NUMBER,1721066993,0.05,7,17
logs_sample.jsonl,491,full_log_record,IP_ADDRESS,121.15.214.187,0.95,216,230
logs_sample.jsonl,491,full_log_record,PHONE_NUMBER,1721067130,0.4,7,17
logs_sample.jsonl,491,full_log_record,PHONE_NUMBER,1721067130,0.4,90,100
logs_sample.jsonl,491,full_log_record,US_BANK_NUMBER,1721067130,0.05,7,17
logs_sample.jsonl,492,full_log_record,EMAIL_ADDRESS,marcus.webb@example.com,1.0,176,199
logs_sample.jsonl,492,full_log_record,EMAIL_ADDRESS,marcus.webb@example.com,1.0,279,302
logs_sample.jsonl,492,full_log_record,DATE_TIME,1721067267,0.85,7,17
logs_sample.jsonl,492,full_log_record,PERSON,Marcus Webb,0.85,255,266
logs_sample.jsonl,492,full_log_record,DATE_TIME,1877,0.85,354,358
logs_sample.jsonl,492,full_log_record,LOCATION,Chicago,0.85,380,387
logs_sample.jsonl,492,full_log_record,DATE_TIME,8802,0.85,425,429
logs_sample.jsonl,492,full_log_record,PHONE_NUMBER,+1-312-555-0143,0.75,315,330
logs_sample.jsonl,492,full_log_record,URL,example.com,0.5,188,199
logs_sample.jsonl,492,full_log_record,URL,example.com,0.5,291,302
logs_sample.jsonl,492,full_log_record,PHONE_NUMBER,1721067267,0.4,7,17
logs_sample.jsonl,492,full_log_record,PHONE_NUMBER,1721067267,0.4,88,98
logs_sample.jsonl,492,full_log_record,US_BANK_NUMBER,1721067267,0.05,7,17
logs_sample.jsonl,493,full_log_record,EMAIL_ADDRESS,tomas.delgado@example.org,1.0,879,904
logs_sample.jsonl,493,full_log_record,DATE_TIME,2023-12-17,0.95,1193,1203
logs_sample.jsonl,493,full_log_record,DATE_TIME,2023-12-20,0.95,1225,1235
logs_sample.jsonl,493,full_log_record,DATE_TIME,1721067404,0.85,7,17
logs_sample.jsonl,493,full_log_record,LOCATION,kb_search      ,0.85,603,618
logs_sample.jsonl,493,full_log_record,PERSON,Delgado,0.85,859,866
logs_sample.jsonl,493,full_log_record,LOCATION,Miami,0.85,981,986
logs_sample.jsonl,493,full_log_record,LOCATION,FL,0.85,988,990
logs_sample.jsonl,493,full_log_record,DATE_TIME,2022-11-03,0.85,1051,1061
logs_sample.jsonl,493,full_log_record,PHONE_NUMBER,+1-786-555-0121,0.75,917,932
logs_sample.jsonl,493,full_log_record,URL,tomas.de,0.5,879,887
logs_sample.jsonl,493,full_log_record,URL,example.org,0.5,893,904
logs_sample.jsonl,493,full_log_record,PHONE_NUMBER,1721067404,0.4,7,17
logs_sample.jsonl,493,full_log_record,PHONE_NUMBER,1721067404,0.4,88,98
logs_sample.jsonl,493,full_log_record,US_BANK_NUMBER,1721067404,0.05,7,17
logs_sample.jsonl,494,full_log_record,PHONE_NUMBER,1721067541,0.4,7,17
logs_sample.jsonl,494,full_log_record,PHONE_NUMBER,1721067541,0.4,90,100
logs_sample.jsonl,494,full_log_record,US_BANK_NUMBER,1721067541,0.05,7,17
logs_sample.jsonl,495,full_log_record,DATE_TIME,1721067678,0.85,7,17
logs_sample.jsonl,495,full_log_record,PHONE_NUMBER,1721067678,0.4,7,17
logs_sample.jsonl,495,full_log_record,PHONE_NUMBER,1721067678,0.4,88,98
logs_sample.jsonl,495,full_log_record,US_BANK_NUMBER,1721067678,0.05,7,17
logs_sample.jsonl,496,full_log_record,IP_ADDRESS,44.239.162.54,0.95,226,239
logs_sample.jsonl,496,full_log_record,PERSON,sess_1721067815_8ed9ce,0.85,85,107
logs_sample.jsonl,496,full_log_record,DATE_TIME,ORD-2026-5010,0.85,196,209
logs_sample.jsonl,496,full_log_record,PHONE_NUMBER,1721067815,0.4,7,17
logs_sample.jsonl,496,full_log_record,PHONE_NUMBER,1721067815,0.4,90,100
logs_sample.jsonl,496,full_log_record,PHONE_NUMBER,44.239.162.54,0.4,226,239
logs_sample.jsonl,496,full_log_record,US_BANK_NUMBER,1721067815,0.05,7,17
logs_sample.jsonl,497,full_log_record,EMAIL_ADDRESS,priya.raghunathan@example.org,1.0,176,205
logs_sample.jsonl,497,full_log_record,EMAIL_ADDRESS,priya.raghunathan@example.org,1.0,291,320
logs_sample.jsonl,497,full_log_record,LOCATION,Newton,0.85,392,398
logs_sample.jsonl,497,full_log_record,PHONE_NUMBER,+1-617-555-0192,0.75,333,348
logs_sample.jsonl,497,full_log_record,URL,example.org,0.5,194,205
logs_sample.jsonl,497,full_log_record,URL,example.org,0.5,309,320
logs_sample.jsonl,497,full_log_record,PHONE_NUMBER,1721067952,0.4,7,17
logs_sample.jsonl,497,full_log_record,PHONE_NUMBER,1721067952,0.4,88,98
logs_sample.jsonl,497,full_log_record,US_BANK_NUMBER,1721067952,0.05,7,17
logs_sample.jsonl,498,full_log_record,EMAIL_ADDRESS,sofia.bergqvist@example.com,1.0,879,906
logs_sample.jsonl,498,full_log_record,DATE_TIME,2025-03-20,0.95,1194,1204
logs_sample.jsonl,498,full_log_record,DATE_TIME,2025-03-28,0.95,1226,1236
logs_sample.jsonl,498,full_log_record,LOCATION,kb_search      ,0.85,603,618
logs_sample.jsonl,498,full_log_record,DATE_TIME,last month,0.85,744,754
logs_sample.jsonl,498,full_log_record,PERSON,Sofia Bergqvist,0.85,851,866
logs_sample.jsonl,498,full_log_record,LOCATION,Seattle,0.85,980,987
logs_sample.jsonl,498,full_log_record,LOCATION,WA,0.85,989,991
logs_sample.jsonl,498,full_log_record,DATE_TIME,2025-06-08,0.85,1052,1062
logs_sample.jsonl,498,full_log_record,LOCATION,Ridge Planter,0.85,1364,1377
logs_sample.jsonl,498,full_log_record,PHONE_NUMBER,+1-206-555-0165,0.75,919,934
logs_sample.jsonl,498,full_log_record,URL,sofia.be,0.5,879,887
logs_sample.jsonl,498,full_log_record,URL,example.com,0.5,895,906
logs_sample.jsonl,498,full_log_record,PHONE_NUMBER,1721068089,0.4,7,17
logs_sample.jsonl,498,full_log_record,PHONE_NUMBER,1721068089,0.4,88,98
logs_sample.jsonl,498,full_log_record,US_BANK_NUMBER,1721068089,0.05,7,17
logs_sample.jsonl,499,full_log_record,PHONE_NUMBER,1721068226,0.4,7,17
logs_sample.jsonl,499,full_log_record,PHONE_NUMBER,1721068226,0.4,90,100
logs_sample.jsonl,499,full_log_record,US_BANK_NUMBER,1721068226,0.05,7,17
logs_sample.jsonl,500,full_log_record,PHONE_NUMBER,1721068363,0.4,7,17
logs_sample.jsonl,500,full_log_record,PHONE_NUMBER,1721068363,0.4,88,98
logs_sample.jsonl,500,full_log_record,US_BANK_NUMBER,1721068363,0.05,7,17
